Fecha,Open,High,Low,Close,Moneda
08-26-2022 21:00:00,21395.0,21618.0,20271.0,20271.0,bitcoin
08-30-2022 21:00:00,20070.0,20309.0,19659.25,19805.35,bitcoin
09-02-2022 21:00:00,20024.0,20154.0,19941.45,19941.45,bitcoin
09-06-2022 21:00:00,19814.56,19980.01,18859.5,18859.5,bitcoin
09-10-2022 21:00:00,19280.63,21707.0,19280.63,21707.0,bitcoin
09-14-2022 21:00:00,21740.0,22340.0,20185.0,20256.0,bitcoin
09-18-2022 21:00:00,19702.17,20132.0,19437.16,19437.16,bitcoin
09-22-2022 21:00:00,19570.39,19570.39,18539.64,19464.32,bitcoin
09-26-2022 21:00:00,19291.9,19291.9,18809.41,19219.73,bitcoin
09-29-2022 21:00:00,19116.33,19563.77,19116.33,19563.77,bitcoin
10-02-2022 21:00:00,19476.93,19476.93,19065.15,19065.15,bitcoin
10-06-2022 21:00:00,19620.57,20345.0,19620.57,19949.05,bitcoin
10-10-2022 21:00:00,19457.31,19457.31,19142.69,19142.69,bitcoin
10-14-2022 21:00:00,19058.63,19383.94,19058.63,19198.11,bitcoin
10-18-2022 21:00:00,19072.78,19557.9,19072.78,19348.03,bitcoin
10-22-2022 21:00:00,19134.24,19203.87,19031.16,19203.87,bitcoin
10-26-2022 21:00:00,19574.82,20774.0,19316.94,20774.0,bitcoin
10-30-2022 21:00:00,20278.0,20801.0,20278.0,20624.0,bitcoin
11-02-2022 21:00:00,20495.0,20495.0,20163.0,20163.0,bitcoin
11-06-2022 21:00:00,20211.0,21283.0,20211.0,20907.0,bitcoin
11-10-2022 21:00:00,20598.0,20598.0,15742.44,17594.92,bitcoin
11-14-2022 21:00:00,17080.22,17080.22,16344.34,16645.83,bitcoin
11-18-2022 21:00:00,16890.53,16890.53,16689.4,16707.02,bitcoin
11-22-2022 21:00:00,16712.73,16712.73,15814.34,16171.63,bitcoin
11-26-2022 21:00:00,16608.01,16608.01,16456.16,16456.16,bitcoin
11-29-2022 21:00:00,16459.15,16459.15,16222.21,16441.98,bitcoin
12-02-2022 21:00:00,17186.5,17186.5,16972.73,17084.87,bitcoin
12-06-2022 21:00:00,16923.38,17149.93,16923.38,17085.64,bitcoin
12-10-2022 21:00:00,16851.3,17235.01,16851.3,17125.36,bitcoin
12-14-2022 21:00:00,17101.04,17808.72,17101.04,17808.72,bitcoin
12-18-2022 21:00:00,17338.36,17338.36,16623.76,16742.82,bitcoin
12-22-2022 21:00:00,16422.56,16899.33,16422.56,16824.79,bitcoin
12-26-2022 21:00:00,16791.46,16900.08,16791.46,16900.08,bitcoin
12-30-2022 21:00:00,16701.84,16701.84,16538.91,16604.02,bitcoin
01-02-2023 21:00:00,16540.69,16674.34,16540.69,16674.34,bitcoin
01-06-2023 21:00:00,16677.65,16960.23,16677.65,16960.23,bitcoin
01-10-2023 21:00:00,16950.86,17436.9,16950.86,17436.9,bitcoin
01-14-2023 21:00:00,17996.83,21019.0,17996.83,21019.0,bitcoin
01-18-2023 21:00:00,20853.0,21175.0,20727.0,20727.0,bitcoin
01-22-2023 21:00:00,21082.0,22771.0,21082.0,22737.0,bitcoin
01-26-2023 21:00:00,22985.0,23180.0,22610.0,23025.0,bitcoin
01-30-2023 21:00:00,23083.0,23797.0,22840.0,22840.0,bitcoin
02-02-2023 21:00:00,23137.0,23725.0,23137.0,23540.0,bitcoin
02-06-2023 21:00:00,23452.0,23452.0,22786.0,22786.0,bitcoin
02-10-2023 21:00:00,23295.0,23295.0,21630.0,21630.0,bitcoin
02-14-2023 21:00:00,21889.0,22220.0,21780.0,22220.0,bitcoin
02-18-2023 21:00:00,24308.0,24643.0,23757.0,24643.0,bitcoin
02-22-2023 21:00:00,24284.0,24787.0,24146.0,24146.0,bitcoin
02-26-2023 21:00:00,23951.0,23951.0,23157.0,23541.0,bitcoin
02-27-2023 21:00:00,23518.0,23634.0,23156.0,23464.0,bitcoin
03-06-2023 21:00:00,22367.0,22422.0,22348.0,22415.0,bitcoin
03-10-2023 21:00:00,22217.0,22217.0,20195.0,20195.0,bitcoin
03-14-2023 21:00:00,20522.0,24759.0,20522.0,24759.0,bitcoin
03-18-2023 21:00:00,24471.0,27467.0,24471.0,27108.0,bitcoin
03-22-2023 21:00:00,28187.0,28264.0,27449.0,27449.0,bitcoin
03-26-2023 21:00:00,28460.0,28460.0,27595.0,28048.0,bitcoin
03-30-2023 21:00:00,27182.0,28395.0,27182.0,28041.0,bitcoin
04-02-2023 21:00:00,28517.0,28517.0,28237.0,28237.0,bitcoin
04-06-2023 21:00:00,27815.0,28197.0,27815.0,28043.0,bitcoin
04-10-2023 21:00:00,27934.0,29658.0,27934.0,29658.0,bitcoin
04-14-2023 21:00:00,30261.0,30468.0,29904.0,30468.0,bitcoin
04-18-2023 21:00:00,30312.0,30366.0,29467.0,30366.0,bitcoin
04-22-2023 21:00:00,28833.0,28833.0,27300.0,27862.0,bitcoin
04-26-2023 21:00:00,27607.0,28352.0,27512.0,28352.0,bitcoin
04-29-2023 21:00:00,29484.0,29484.0,29218.0,29218.0,bitcoin
05-02-2023 21:00:00,29362.0,29362.0,28126.0,28654.0,bitcoin
05-06-2023 21:00:00,28988.0,29520.0,28846.0,28888.0,bitcoin
05-10-2023 21:00:00,28611.0,28611.0,27607.0,27640.0,bitcoin
05-14-2023 21:00:00,27025.0,27025.0,26788.0,26912.0,bitcoin
05-18-2023 21:00:00,27228.0,27390.0,26843.0,26843.0,bitcoin
05-22-2023 21:00:00,26884.0,27094.0,26774.0,26870.0,bitcoin
05-26-2023 21:00:00,27223.0,27223.0,26339.0,26718.0,bitcoin
05-30-2023 21:00:00,26848.0,28110.0,26848.0,27714.0,bitcoin
06-02-2023 21:00:00,27245.0,27248.0,26824.0,27248.0,bitcoin
06-06-2023 21:00:00,27066.0,27315.0,25793.0,27217.0,bitcoin
06-10-2023 21:00:00,26346.0,26508.0,25858.0,25858.0,bitcoin
06-14-2023 21:00:00,25917.0,25917.0,25108.0,25108.0,bitcoin
06-18-2023 21:00:00,25565.0,26501.0,25565.0,26333.0,bitcoin
06-22-2023 21:00:00,26779.0,30102.0,26779.0,29936.0,bitcoin
06-26-2023 21:00:00,30629.0,30629.0,30286.0,30286.0,bitcoin
06-29-2023 21:00:00,30694.0,30694.0,30083.0,30467.0,bitcoin
07-02-2023 21:00:00,30481.0,30584.0,30481.0,30572.0,bitcoin
07-06-2023 21:00:00,31135.0,31135.0,29990.0,29990.0,bitcoin
07-10-2023 21:00:00,30315.0,30394.0,30170.0,30394.0,bitcoin
07-14-2023 21:00:00,30621.0,31446.0,30312.0,30312.0,bitcoin
07-18-2023 21:00:00,30298.0,30298.0,29848.0,29848.0,bitcoin
07-22-2023 21:00:00,29920.0,29920.0,29710.0,29710.0,bitcoin
07-26-2023 21:00:00,30058.0,30058.0,29185.0,29364.0,bitcoin
07-30-2023 21:00:00,29200.0,29357.0,29200.0,29278.0,bitcoin
08-02-2023 21:00:00,29233.0,29537.0,29147.0,29147.0,bitcoin
08-06-2023 21:00:00,29176.0,29176.0,29044.0,29044.0,bitcoin
08-10-2023 21:00:00,29178.0,29780.0,29178.0,29424.0,bitcoin
08-14-2023 21:00:00,29397.0,29412.0,29285.0,29401.0,bitcoin
08-18-2023 21:00:00,29170.0,29170.0,26043.0,26043.0,bitcoin
08-22-2023 21:00:00,26105.0,26161.0,26034.0,26034.0,bitcoin
08-26-2023 21:00:00,26450.0,26450.0,26450.0,26450.0,bitcoin
08-26-2022 21:00:00,1657.79,1697.08,1510.19,1510.19,ethereum
08-30-2022 21:00:00,1496.06,1555.18,1438.75,1525.4,ethereum
09-02-2022 21:00:00,1552.56,1588.98,1552.56,1575.18,ethereum
09-06-2022 21:00:00,1555.67,1617.94,1555.67,1564.56,ethereum
09-10-2022 21:00:00,1629.88,1779.52,1629.88,1779.52,ethereum
09-14-2022 21:00:00,1761.32,1761.32,1573.21,1635.37,ethereum
09-18-2022 21:00:00,1472.0,1472.0,1335.85,1335.85,ethereum
09-22-2022 21:00:00,1379.92,1379.92,1252.77,1330.79,ethereum
09-26-2022 21:00:00,1329.56,1335.12,1294.08,1335.12,ethereum
09-29-2022 21:00:00,1331.15,1340.02,1331.15,1335.74,ethereum
10-02-2022 21:00:00,1329.15,1329.15,1277.9,1277.9,ethereum
10-06-2022 21:00:00,1323.5,1363.24,1323.5,1351.43,ethereum
10-10-2022 21:00:00,1324.89,1324.89,1291.08,1291.08,ethereum
10-14-2022 21:00:00,1279.88,1297.63,1279.88,1297.63,ethereum
10-18-2022 21:00:00,1275.69,1333.44,1275.69,1311.81,ethereum
10-22-2022 21:00:00,1284.65,1313.77,1282.04,1313.77,ethereum
10-26-2022 21:00:00,1364.49,1568.75,1343.33,1568.75,ethereum
10-30-2022 21:00:00,1514.86,1619.43,1514.86,1591.05,ethereum
11-02-2022 21:00:00,1572.98,1580.38,1520.64,1520.64,ethereum
11-06-2022 21:00:00,1531.11,1644.19,1531.11,1572.95,ethereum
11-10-2022 21:00:00,1569.99,1569.99,1095.18,1301.55,ethereum
11-14-2022 21:00:00,1293.91,1293.91,1223.01,1242.0,ethereum
11-18-2022 21:00:00,1252.71,1252.71,1201.79,1213.5,ethereum
11-22-2022 21:00:00,1218.89,1218.89,1110.29,1135.18,ethereum
11-26-2022 21:00:00,1184.46,1205.66,1184.46,1205.66,ethereum
11-29-2022 21:00:00,1196.2,1216.94,1170.12,1216.94,ethereum
12-02-2022 21:00:00,1298.94,1298.94,1276.64,1293.95,ethereum
12-06-2022 21:00:00,1243.04,1282.42,1243.04,1271.94,ethereum
12-10-2022 21:00:00,1233.63,1281.21,1233.63,1264.79,ethereum
12-14-2022 21:00:00,1264.32,1319.41,1264.32,1308.4,ethereum
12-18-2022 21:00:00,1263.75,1263.75,1165.97,1186.78,ethereum
12-22-2022 21:00:00,1166.99,1217.89,1166.99,1217.85,ethereum
12-26-2022 21:00:00,1220.7,1226.25,1219.29,1226.25,ethereum
12-30-2022 21:00:00,1211.82,1211.82,1188.73,1199.11,ethereum
01-02-2023 21:00:00,1196.61,1214.38,1196.61,1214.38,ethereum
01-06-2023 21:00:00,1214.76,1270.03,1214.76,1270.03,ethereum
01-10-2023 21:00:00,1264.84,1336.02,1264.84,1336.02,ethereum
01-14-2023 21:00:00,1389.77,1549.11,1389.77,1549.11,ethereum
01-18-2023 21:00:00,1551.32,1577.73,1516.56,1516.56,ethereum
01-22-2023 21:00:00,1550.51,1661.33,1550.51,1630.84,ethereum
01-26-2023 21:00:00,1632.96,1632.96,1557.06,1602.85,ethereum
01-30-2023 21:00:00,1598.47,1646.52,1568.65,1568.65,ethereum
02-02-2023 21:00:00,1586.54,1648.68,1586.54,1648.68,ethereum
02-06-2023 21:00:00,1665.43,1667.27,1617.14,1617.14,ethereum
02-10-2023 21:00:00,1672.82,1672.82,1515.53,1515.53,ethereum
02-14-2023 21:00:00,1541.97,1556.96,1506.92,1556.96,ethereum
02-18-2023 21:00:00,1674.86,1697.08,1646.14,1692.52,ethereum
02-22-2023 21:00:00,1680.38,1700.2,1643.17,1643.17,ethereum
02-26-2023 21:00:00,1651.85,1651.85,1593.95,1640.58,ethereum
02-27-2023 21:00:00,1633.98,1663.93,1606.63,1647.66,ethereum
03-06-2023 21:00:00,1570.67,1570.67,1563.23,1567.35,ethereum
03-10-2023 21:00:00,1563.81,1563.81,1429.6,1429.6,ethereum
03-14-2023 21:00:00,1474.4,1708.3,1474.4,1708.3,ethereum
03-18-2023 21:00:00,1658.07,1793.3,1658.07,1769.43,ethereum
03-22-2023 21:00:00,1801.37,1811.41,1744.44,1747.64,ethereum
03-26-2023 21:00:00,1824.96,1824.96,1751.22,1776.87,ethereum
03-30-2023 21:00:00,1719.17,1795.54,1719.17,1792.91,ethereum
04-02-2023 21:00:00,1824.02,1824.02,1797.74,1797.74,ethereum
04-06-2023 21:00:00,1810.47,1911.34,1810.47,1872.25,ethereum
04-10-2023 21:00:00,1866.66,1909.88,1851.05,1909.88,ethereum
04-14-2023 21:00:00,1892.94,2102.95,1892.94,2102.95,ethereum
04-18-2023 21:00:00,2093.17,2118.6,2077.54,2103.28,ethereum
04-22-2023 21:00:00,1936.43,1943.44,1850.15,1877.54,ethereum
04-26-2023 21:00:00,1863.64,1870.57,1842.63,1867.59,ethereum
04-29-2023 21:00:00,1910.46,1910.46,1894.43,1905.27,ethereum
05-02-2023 21:00:00,1885.39,1885.39,1832.73,1870.83,ethereum
05-06-2023 21:00:00,1903.73,1993.61,1877.4,1900.41,ethereum
05-10-2023 21:00:00,1895.23,1895.23,1842.87,1842.87,ethereum
05-14-2023 21:00:00,1798.07,1808.69,1797.2,1799.01,ethereum
05-18-2023 21:00:00,1820.04,1823.66,1802.39,1802.39,ethereum
05-22-2023 21:00:00,1812.13,1818.97,1804.93,1818.4,ethereum
05-26-2023 21:00:00,1854.19,1854.19,1800.74,1828.96,ethereum
05-30-2023 21:00:00,1830.31,1913.82,1830.31,1901.08,ethereum
06-02-2023 21:00:00,1874.69,1907.21,1861.73,1907.21,ethereum
06-06-2023 21:00:00,1892.08,1893.18,1813.68,1883.24,ethereum
06-10-2023 21:00:00,1832.32,1846.03,1754.67,1754.67,ethereum
06-14-2023 21:00:00,1751.72,1751.72,1650.68,1650.68,ethereum
06-18-2023 21:00:00,1664.98,1726.37,1664.98,1719.27,ethereum
06-22-2023 21:00:00,1734.79,1892.9,1734.79,1874.18,ethereum
06-26-2023 21:00:00,1891.35,1899.15,1859.8,1859.8,ethereum
06-29-2023 21:00:00,1890.01,1890.01,1828.46,1853.45,ethereum
07-02-2023 21:00:00,1934.05,1934.05,1924.57,1933.96,ethereum
07-06-2023 21:00:00,1953.78,1953.78,1855.47,1855.47,ethereum
07-10-2023 21:00:00,1869.32,1875.27,1864.87,1875.27,ethereum
07-14-2023 21:00:00,1875.87,2003.25,1873.51,1935.94,ethereum
07-18-2023 21:00:00,1931.39,1931.39,1897.2,1897.2,ethereum
07-22-2023 21:00:00,1889.22,1891.47,1858.31,1858.31,ethereum
07-26-2023 21:00:00,1887.83,1887.83,1850.43,1871.53,ethereum
07-30-2023 21:00:00,1858.78,1880.92,1858.78,1861.87,ethereum
08-02-2023 21:00:00,1857.28,1869.75,1838.01,1838.01,ethereum
08-06-2023 21:00:00,1835.7,1835.7,1826.71,1826.71,ethereum
08-10-2023 21:00:00,1826.93,1856.84,1826.93,1850.88,ethereum
08-14-2023 21:00:00,1847.54,1848.51,1839.51,1843.51,ethereum
08-18-2023 21:00:00,1826.91,1826.91,1660.68,1660.68,ethereum
08-22-2023 21:00:00,1669.23,1682.46,1635.19,1635.19,ethereum
08-26-2023 21:00:00,1679.12,1679.12,1679.12,1679.12,ethereum
08-26-2022 21:00:00,1.001,1.004,1.001,1.004,tether
08-30-2022 21:00:00,1.001,1.004,0.999554,0.999554,tether
09-02-2022 21:00:00,0.999641,1.001,0.999641,1.0,tether
09-06-2022 21:00:00,1.001,1.001,0.997641,1.001,tether
09-10-2022 21:00:00,1.0,1.001,1.0,1.001,tether
09-14-2022 21:00:00,0.998714,1.001,0.998714,1.001,tether
09-18-2022 21:00:00,1.0,1.002,0.999748,1.002,tether
09-22-2022 21:00:00,0.999949,1.001,0.999949,1.0,tether
09-26-2022 21:00:00,1.001,1.001,1.001,1.001,tether
09-29-2022 21:00:00,1.001,1.002,0.999983,0.999983,tether
10-02-2022 21:00:00,1.001,1.002,1.001,1.002,tether
10-06-2022 21:00:00,0.999969,1.0,0.999886,1.0,tether
10-10-2022 21:00:00,1.002,1.002,1.0,1.0,tether
10-14-2022 21:00:00,1.0,1.001,1.0,1.001,tether
10-18-2022 21:00:00,1.0,1.0,0.999791,0.999791,tether
10-22-2022 21:00:00,1.001,1.001,0.999757,0.999968,tether
10-26-2022 21:00:00,0.999435,1.0,0.998938,1.0,tether
10-30-2022 21:00:00,0.9998,1.0,0.999621,1.0,tether
11-02-2022 21:00:00,0.999774,1.0,0.999774,1.0,tether
11-06-2022 21:00:00,1.0,1.0,0.999736,0.999788,tether
11-10-2022 21:00:00,1.001,1.001,0.993587,1.0,tether
11-14-2022 21:00:00,1.004,1.004,0.999861,1.001,tether
11-18-2022 21:00:00,1.001,1.002,1.0,1.0,tether
11-22-2022 21:00:00,1.0,1.001,0.999045,0.999045,tether
11-26-2022 21:00:00,1.001,1.001,0.999675,0.999756,tether
11-29-2022 21:00:00,1.001,1.001,0.999991,0.999991,tether
12-02-2022 21:00:00,1.001,1.001,1.0,1.0,tether
12-06-2022 21:00:00,1.001,1.001,1.001,1.001,tether
12-10-2022 21:00:00,1.0,1.001,0.999672,0.999672,tether
12-14-2022 21:00:00,1.001,1.001,0.999343,1.0,tether
12-18-2022 21:00:00,0.998623,1.001,0.998623,1.001,tether
12-22-2022 21:00:00,0.999419,1.001,0.999419,1.001,tether
12-26-2022 21:00:00,1.0,1.001,1.0,1.0,tether
12-30-2022 21:00:00,0.999994,1.0,0.999814,1.0,tether
01-02-2023 21:00:00,1.0,1.001,1.0,1.0,tether
01-06-2023 21:00:00,1.0,1.0,1.0,1.0,tether
01-10-2023 21:00:00,1.0,1.001,1.0,1.0,tether
01-14-2023 21:00:00,1.001,1.001,1.0,1.001,tether
01-18-2023 21:00:00,1.0,1.001,1.0,1.001,tether
01-22-2023 21:00:00,1.0,1.001,1.0,1.001,tether
01-26-2023 21:00:00,1.002,1.002,0.999682,1.0,tether
01-30-2023 21:00:00,1.001,1.001,1.001,1.001,tether
02-02-2023 21:00:00,1.001,1.002,1.001,1.002,tether
02-06-2023 21:00:00,1.0,1.001,0.999998,0.999998,tether
02-10-2023 21:00:00,1.001,1.001,0.999877,0.999877,tether
02-14-2023 21:00:00,1.001,1.001,1.0,1.001,tether
02-18-2023 21:00:00,0.999834,1.005,0.999834,1.001,tether
02-22-2023 21:00:00,0.999299,1.0,0.999299,0.999478,tether
02-26-2023 21:00:00,1.001,1.001,0.999806,0.999806,tether
02-27-2023 21:00:00,1.001,1.001,0.998543,1.0,tether
03-06-2023 21:00:00,1.001,1.001,1.0,1.0,tether
03-10-2023 21:00:00,1.001,1.002,1.0,1.001,tether
03-14-2023 21:00:00,1.003,1.007,1.003,1.004,tether
03-18-2023 21:00:00,1.007,1.007,1.0,1.0,tether
03-22-2023 21:00:00,1.006,1.01,1.006,1.008,tether
03-26-2023 21:00:00,1.005,1.008,1.001,1.001,tether
03-30-2023 21:00:00,1.002,1.002,1.001,1.001,tether
04-02-2023 21:00:00,1.001,1.002,1.001,1.002,tether
04-06-2023 21:00:00,1.0,1.001,1.0,1.001,tether
04-10-2023 21:00:00,1.001,1.001,1.001,1.001,tether
04-14-2023 21:00:00,1.001,1.002,1.001,1.001,tether
04-18-2023 21:00:00,1.001,1.002,1.001,1.001,tether
04-22-2023 21:00:00,1.001,1.002,1.0,1.002,tether
04-26-2023 21:00:00,1.001,1.001,1.0,1.0,tether
04-29-2023 21:00:00,1.001,1.001,1.001,1.001,tether
05-02-2023 21:00:00,1.001,1.001,1.001,1.001,tether
05-06-2023 21:00:00,1.0,1.002,1.0,1.002,tether
05-10-2023 21:00:00,1.001,1.001,0.998774,0.999773,tether
05-14-2023 21:00:00,0.999993,1.001,0.999993,1.0,tether
05-18-2023 21:00:00,1.002,1.002,0.999302,0.999371,tether
05-22-2023 21:00:00,1.001,1.001,1.0,1.0,tether
05-26-2023 21:00:00,1.0,1.001,0.999663,1.001,tether
05-30-2023 21:00:00,1.0,1.0,1.0,1.0,tether
06-02-2023 21:00:00,1.0,1.0,1.0,1.0,tether
06-06-2023 21:00:00,1.0,1.002,1.0,1.0,tether
06-10-2023 21:00:00,0.999849,1.001,0.999803,1.001,tether
06-14-2023 21:00:00,1.001,1.001,0.999,0.999058,tether
06-18-2023 21:00:00,0.999088,0.999607,0.998907,0.999607,tether
06-22-2023 21:00:00,1.0,1.001,0.999061,1.001,tether
06-26-2023 21:00:00,1.001,1.001,0.9997,1.0,tether
06-29-2023 21:00:00,0.99982,1.0,0.999451,1.0,tether
07-02-2023 21:00:00,0.999596,1.0,0.999019,0.999019,tether
07-06-2023 21:00:00,0.999796,0.999999,0.999232,0.999999,tether
07-10-2023 21:00:00,1.0,1.0,0.999836,1.0,tether
07-14-2023 21:00:00,1.0,1.001,1.0,1.001,tether
07-18-2023 21:00:00,1.001,1.001,0.999807,1.0,tether
07-22-2023 21:00:00,1.0,1.0,0.999749,0.999749,tether
07-26-2023 21:00:00,0.999898,1.001,0.999606,1.001,tether
07-30-2023 21:00:00,0.99974,1.0,0.99974,1.0,tether
08-02-2023 21:00:00,0.999867,0.999942,0.999242,0.999242,tether
08-06-2023 21:00:00,0.99868,0.998987,0.99832,0.99832,tether
08-10-2023 21:00:00,0.998873,0.999945,0.998873,0.998899,tether
08-14-2023 21:00:00,0.998938,0.999384,0.998713,0.998713,tether
08-18-2023 21:00:00,0.998893,0.99975,0.996174,0.999381,tether
08-22-2023 21:00:00,1.0,1.0,0.999208,1.0,tether
08-26-2023 21:00:00,1.001,1.001,1.001,1.001,tether
08-26-2022 21:00:00,296.42,301.82,279.41,279.41,binancecoin
08-30-2022 21:00:00,277.85,286.41,277.78,281.29,binancecoin
09-02-2022 21:00:00,278.58,278.87,276.78,276.78,binancecoin
09-06-2022 21:00:00,277.52,278.75,264.04,264.04,binancecoin
09-10-2022 21:00:00,278.77,297.53,278.77,297.53,binancecoin
09-14-2022 21:00:00,294.76,294.76,277.42,279.72,binancecoin
09-18-2022 21:00:00,270.73,279.34,266.62,266.62,binancecoin
09-22-2022 21:00:00,272.29,275.94,264.64,275.94,binancecoin
09-26-2022 21:00:00,276.54,276.54,274.09,275.65,binancecoin
09-29-2022 21:00:00,272.55,283.75,272.55,283.75,binancecoin
10-02-2022 21:00:00,284.01,284.94,282.87,284.94,binancecoin
10-06-2022 21:00:00,287.02,296.48,284.68,284.68,binancecoin
10-10-2022 21:00:00,282.14,282.14,271.89,271.89,binancecoin
10-14-2022 21:00:00,271.37,271.81,269.2,269.2,binancecoin
10-18-2022 21:00:00,268.81,275.82,268.81,273.35,binancecoin
10-22-2022 21:00:00,271.63,271.63,268.97,270.44,binancecoin
10-26-2022 21:00:00,276.02,290.22,273.66,290.22,binancecoin
10-30-2022 21:00:00,287.01,313.6,287.01,313.6,binancecoin
11-02-2022 21:00:00,326.32,326.32,320.26,320.26,binancecoin
11-06-2022 21:00:00,329.58,352.95,329.58,340.89,binancecoin
11-10-2022 21:00:00,337.0,337.0,264.02,303.55,binancecoin
11-14-2022 21:00:00,291.05,291.05,276.63,278.4,binancecoin
11-18-2022 21:00:00,277.14,277.14,268.15,274.08,binancecoin
11-22-2022 21:00:00,272.36,272.36,254.4,266.36,binancecoin
11-26-2022 21:00:00,297.75,311.24,297.75,311.24,binancecoin
11-29-2022 21:00:00,307.57,307.57,293.65,296.41,binancecoin
12-02-2022 21:00:00,301.71,301.71,292.09,292.77,binancecoin
12-06-2022 21:00:00,291.02,292.55,288.59,290.19,binancecoin
12-10-2022 21:00:00,284.46,290.52,284.46,288.02,binancecoin
12-14-2022 21:00:00,284.49,284.49,268.28,268.28,binancecoin
12-18-2022 21:00:00,257.29,257.29,227.86,251.65,binancecoin
12-22-2022 21:00:00,241.19,251.68,241.19,245.95,binancecoin
12-26-2022 21:00:00,246.22,246.22,243.34,243.75,binancecoin
12-30-2022 21:00:00,246.44,246.45,244.03,245.84,binancecoin
01-02-2023 21:00:00,246.66,246.66,244.06,245.43,binancecoin
01-06-2023 21:00:00,246.21,259.8,246.21,259.8,binancecoin
01-10-2023 21:00:00,261.32,277.1,261.32,277.1,binancecoin
01-14-2023 21:00:00,285.47,305.81,285.47,305.81,binancecoin
01-18-2023 21:00:00,301.71,301.71,287.71,287.71,binancecoin
01-22-2023 21:00:00,294.75,304.95,294.75,303.17,binancecoin
01-26-2023 21:00:00,306.09,307.09,300.56,304.89,binancecoin
01-30-2023 21:00:00,308.46,317.31,305.95,307.06,binancecoin
02-02-2023 21:00:00,312.51,325.44,312.51,325.44,binancecoin
02-06-2023 21:00:00,332.28,332.28,324.97,324.97,binancecoin
02-10-2023 21:00:00,333.39,333.39,305.75,305.92,binancecoin
02-14-2023 21:00:00,310.99,313.55,293.32,296.2,binancecoin
02-18-2023 21:00:00,317.25,317.25,306.76,316.21,binancecoin
02-22-2023 21:00:00,311.35,314.94,311.08,312.46,binancecoin
02-26-2023 21:00:00,308.51,308.57,301.83,308.57,binancecoin
02-27-2023 21:00:00,304.56,304.56,299.82,299.82,binancecoin
03-06-2023 21:00:00,290.22,290.22,288.02,288.02,binancecoin
03-10-2023 21:00:00,289.25,289.25,277.03,277.03,binancecoin
03-14-2023 21:00:00,275.74,309.58,275.74,309.58,binancecoin
03-18-2023 21:00:00,307.72,339.76,307.72,333.03,binancecoin
03-22-2023 21:00:00,337.45,337.45,323.6,323.6,binancecoin
03-26-2023 21:00:00,331.25,331.25,324.08,329.15,binancecoin
03-30-2023 21:00:00,311.51,317.12,311.51,317.12,binancecoin
04-02-2023 21:00:00,317.26,317.26,314.11,314.11,binancecoin
04-06-2023 21:00:00,308.85,314.28,308.85,312.37,binancecoin
04-10-2023 21:00:00,310.83,318.23,310.66,318.23,binancecoin
04-14-2023 21:00:00,322.73,328.98,320.29,328.98,binancecoin
04-18-2023 21:00:00,333.27,347.87,333.27,343.01,binancecoin
04-22-2023 21:00:00,322.35,332.41,317.78,332.41,binancecoin
04-26-2023 21:00:00,330.68,339.1,330.44,330.44,binancecoin
04-29-2023 21:00:00,331.51,331.51,321.77,321.77,binancecoin
05-02-2023 21:00:00,337.62,337.62,322.21,322.21,binancecoin
05-06-2023 21:00:00,326.01,326.82,322.7,322.7,binancecoin
05-10-2023 21:00:00,322.31,322.31,312.13,314.58,binancecoin
05-14-2023 21:00:00,307.79,311.9,307.79,311.9,binancecoin
05-18-2023 21:00:00,313.94,313.95,309.5,309.5,binancecoin
05-22-2023 21:00:00,308.98,310.47,306.56,309.26,binancecoin
05-26-2023 21:00:00,313.46,313.46,304.69,307.15,binancecoin
05-30-2023 21:00:00,307.45,314.34,307.45,311.6,binancecoin
06-02-2023 21:00:00,307.01,307.3,304.98,307.3,binancecoin
06-06-2023 21:00:00,306.66,306.66,276.94,281.47,binancecoin
06-10-2023 21:00:00,259.23,262.17,239.27,239.27,binancecoin
06-14-2023 21:00:00,235.2,243.25,231.07,237.51,binancecoin
06-18-2023 21:00:00,236.1,244.43,236.1,244.0,binancecoin
06-22-2023 21:00:00,242.74,249.36,240.92,240.92,binancecoin
06-26-2023 21:00:00,244.3,244.3,236.17,236.17,binancecoin
06-29-2023 21:00:00,237.5,237.5,230.5,233.41,binancecoin
07-02-2023 21:00:00,240.52,247.35,240.52,245.63,binancecoin
07-06-2023 21:00:00,246.03,246.03,232.5,232.5,binancecoin
07-10-2023 21:00:00,235.34,245.44,234.14,245.44,binancecoin
07-14-2023 21:00:00,248.4,255.79,244.27,247.7,binancecoin
07-18-2023 21:00:00,251.09,251.09,240.27,240.27,binancecoin
07-22-2023 21:00:00,241.33,243.77,240.54,240.54,binancecoin
07-26-2023 21:00:00,242.38,242.38,237.73,239.02,binancecoin
07-30-2023 21:00:00,240.42,242.56,240.42,242.54,binancecoin
08-02-2023 21:00:00,241.19,247.43,240.38,240.38,binancecoin
08-06-2023 21:00:00,241.14,242.88,241.14,242.57,binancecoin
08-10-2023 21:00:00,241.74,245.18,241.23,241.23,binancecoin
08-14-2023 21:00:00,239.6,240.36,239.6,240.36,binancecoin
08-18-2023 21:00:00,236.61,236.61,215.97,215.97,binancecoin
08-22-2023 21:00:00,217.08,217.08,210.59,210.84,binancecoin
08-26-2023 21:00:00,216.47,216.47,216.47,216.47,binancecoin
08-26-2022 21:00:00,0.346793,0.350098,0.339201,0.339201,ripple
08-30-2022 21:00:00,0.337102,0.337102,0.325093,0.327558,ripple
09-02-2022 21:00:00,0.328043,0.33371,0.328043,0.331388,ripple
09-06-2022 21:00:00,0.330169,0.333174,0.322883,0.322883,ripple
09-10-2022 21:00:00,0.337813,0.357632,0.337813,0.357632,ripple
09-14-2022 21:00:00,0.354473,0.35859,0.333134,0.342298,ripple
09-18-2022 21:00:00,0.326976,0.375535,0.326976,0.360112,ripple
09-22-2022 21:00:00,0.3884,0.48706,0.3884,0.48706,ripple
09-26-2022 21:00:00,0.505547,0.505547,0.467585,0.467585,ripple
09-29-2022 21:00:00,0.449739,0.485497,0.449739,0.485497,ripple
10-02-2022 21:00:00,0.480186,0.480186,0.450256,0.450256,ripple
10-06-2022 21:00:00,0.462617,0.493551,0.462617,0.493551,ripple
10-10-2022 21:00:00,0.516033,0.534229,0.497324,0.497324,ripple
10-14-2022 21:00:00,0.485334,0.48872,0.480833,0.48872,ripple
10-18-2022 21:00:00,0.482027,0.482027,0.466841,0.466841,ripple
10-22-2022 21:00:00,0.451083,0.465676,0.447586,0.465676,ripple
10-26-2022 21:00:00,0.469278,0.469278,0.452716,0.469048,ripple
10-30-2022 21:00:00,0.462341,0.472878,0.457505,0.457505,ripple
11-02-2022 21:00:00,0.465017,0.465017,0.451383,0.451383,ripple
11-06-2022 21:00:00,0.455103,0.502058,0.455103,0.470863,ripple
11-10-2022 21:00:00,0.466075,0.466075,0.331704,0.398967,ripple
11-14-2022 21:00:00,0.389626,0.389626,0.341707,0.377545,ripple
11-18-2022 21:00:00,0.390636,0.390636,0.378098,0.384626,ripple
11-22-2022 21:00:00,0.38669,0.38669,0.364375,0.376558,ripple
11-26-2022 21:00:00,0.383306,0.410613,0.383306,0.398699,ripple
11-29-2022 21:00:00,0.399019,0.399796,0.39159,0.399796,ripple
12-02-2022 21:00:00,0.411192,0.411192,0.398586,0.398616,ripple
12-06-2022 21:00:00,0.389865,0.392702,0.389865,0.392378,ripple
12-10-2022 21:00:00,0.384478,0.394916,0.384478,0.38776,ripple
12-14-2022 21:00:00,0.382866,0.395014,0.382866,0.386704,ripple
12-18-2022 21:00:00,0.377909,0.377909,0.35071,0.35071,ripple
12-22-2022 21:00:00,0.339214,0.350078,0.339214,0.350078,ripple
12-26-2022 21:00:00,0.355158,0.366143,0.346986,0.366143,ripple
12-30-2022 21:00:00,0.367886,0.367886,0.343259,0.345433,ripple
01-02-2023 21:00:00,0.340086,0.34857,0.339066,0.34857,ripple
01-06-2023 21:00:00,0.343818,0.348149,0.338418,0.34512,ripple
01-10-2023 21:00:00,0.344753,0.351625,0.344753,0.351625,ripple
01-14-2023 21:00:00,0.375168,0.39578,0.375168,0.39578,ripple
01-18-2023 21:00:00,0.38466,0.388346,0.379768,0.379768,ripple
01-22-2023 21:00:00,0.394196,0.4136,0.394196,0.402307,ripple
01-26-2023 21:00:00,0.426669,0.426669,0.408773,0.411116,ripple
01-30-2023 21:00:00,0.414002,0.414971,0.396334,0.396334,ripple
02-02-2023 21:00:00,0.407367,0.414853,0.407367,0.41121,ripple
02-06-2023 21:00:00,0.412411,0.412411,0.393766,0.393766,ripple
02-10-2023 21:00:00,0.404885,0.404885,0.383214,0.383554,ripple
02-14-2023 21:00:00,0.385275,0.385275,0.372055,0.383228,ripple
02-18-2023 21:00:00,0.401362,0.401362,0.386923,0.394393,ripple
02-22-2023 21:00:00,0.385606,0.397675,0.385606,0.395359,ripple
02-26-2023 21:00:00,0.389572,0.389572,0.378009,0.378009,ripple
02-27-2023 21:00:00,0.379337,0.384212,0.377828,0.377828,ripple
03-06-2023 21:00:00,0.379773,0.379773,0.368702,0.37095,ripple
03-10-2023 21:00:00,0.380919,0.389546,0.371984,0.371984,ripple
03-14-2023 21:00:00,0.366037,0.374893,0.366037,0.374893,ripple
03-18-2023 21:00:00,0.36204,0.380984,0.36204,0.376413,ripple
03-22-2023 21:00:00,0.389287,0.470749,0.377235,0.425218,ripple
03-26-2023 21:00:00,0.44822,0.450798,0.4268,0.450798,ripple
03-30-2023 21:00:00,0.480489,0.545396,0.480489,0.537231,ripple
04-02-2023 21:00:00,0.538909,0.538909,0.510864,0.520639,ripple
04-06-2023 21:00:00,0.497623,0.506489,0.497623,0.503391,ripple
04-10-2023 21:00:00,0.514189,0.518237,0.505905,0.518237,ripple
04-14-2023 21:00:00,0.517487,0.523743,0.505475,0.523743,ripple
04-18-2023 21:00:00,0.520806,0.531374,0.511424,0.531374,ripple
04-22-2023 21:00:00,0.49094,0.49094,0.449778,0.474017,ripple
04-26-2023 21:00:00,0.465374,0.470112,0.461374,0.461767,ripple
04-29-2023 21:00:00,0.467124,0.480183,0.467124,0.477759,ripple
05-02-2023 21:00:00,0.473067,0.473067,0.465035,0.465035,ripple
05-06-2023 21:00:00,0.463365,0.467826,0.460065,0.460065,ripple
05-10-2023 21:00:00,0.452959,0.452959,0.429675,0.432245,ripple
05-14-2023 21:00:00,0.422956,0.431633,0.422956,0.426351,ripple
05-18-2023 21:00:00,0.428405,0.460764,0.428405,0.460764,ripple
05-22-2023 21:00:00,0.468877,0.469594,0.458641,0.462352,ripple
05-26-2023 21:00:00,0.466039,0.469745,0.454115,0.469745,ripple
05-30-2023 21:00:00,0.472216,0.522319,0.472216,0.522319,ripple
06-02-2023 21:00:00,0.519347,0.525913,0.50846,0.525913,ripple
06-06-2023 21:00:00,0.519972,0.537624,0.512256,0.531714,ripple
06-10-2023 21:00:00,0.520862,0.538716,0.510823,0.510823,ripple
06-14-2023 21:00:00,0.523466,0.527292,0.481985,0.481985,ripple
06-18-2023 21:00:00,0.48187,0.488737,0.47743,0.488737,ripple
06-22-2023 21:00:00,0.493941,0.500997,0.492273,0.495266,ripple
06-26-2023 21:00:00,0.496133,0.496133,0.47915,0.47915,ripple
06-29-2023 21:00:00,0.48437,0.48437,0.464818,0.474588,ripple
07-02-2023 21:00:00,0.473648,0.483826,0.473316,0.483826,ripple
07-06-2023 21:00:00,0.489516,0.489516,0.464409,0.464409,ripple
07-10-2023 21:00:00,0.468364,0.477317,0.468192,0.477317,ripple
07-14-2023 21:00:00,0.475463,0.812509,0.471376,0.719679,ripple
07-18-2023 21:00:00,0.713256,0.781263,0.713256,0.781263,ripple
07-22-2023 21:00:00,0.821237,0.821237,0.731402,0.731402,ripple
07-26-2023 21:00:00,0.737991,0.737991,0.703525,0.715877,ripple
07-30-2023 21:00:00,0.713436,0.713436,0.704911,0.704911,ripple
08-02-2023 21:00:00,0.69903,0.707216,0.68474,0.68474,ripple
08-06-2023 21:00:00,0.66421,0.66421,0.622153,0.622153,ripple
08-10-2023 21:00:00,0.620838,0.643605,0.620838,0.633214,ripple
08-14-2023 21:00:00,0.631618,0.634681,0.625689,0.634681,ripple
08-18-2023 21:00:00,0.60933,0.60933,0.504536,0.505539,ripple
08-22-2023 21:00:00,0.519734,0.539032,0.519734,0.520924,ripple
08-26-2023 21:00:00,0.529919,0.529919,0.529919,0.529919,ripple
08-26-2022 21:00:00,0.054902,0.054902,0.04972547,0.04972547,gala
08-30-2022 21:00:00,0.050948,0.052405,0.04974827,0.050675,gala
09-02-2022 21:00:00,0.050317,0.050562,0.04979712,0.04979712,gala
09-06-2022 21:00:00,0.050442,0.051587,0.0474131,0.0474131,gala
09-10-2022 21:00:00,0.04879451,0.052203,0.04879451,0.052203,gala
09-14-2022 21:00:00,0.051967,0.051967,0.04793699,0.04881506,gala
09-18-2022 21:00:00,0.04720937,0.0491307,0.0421595,0.0421595,gala
09-22-2022 21:00:00,0.0434794,0.0434794,0.04053533,0.04251069,gala
09-26-2022 21:00:00,0.04207447,0.04207447,0.0406078,0.04080472,gala
09-29-2022 21:00:00,0.04034007,0.04087232,0.0402656,0.04087232,gala
10-02-2022 21:00:00,0.04063031,0.04063031,0.03955728,0.03955728,gala
10-06-2022 21:00:00,0.0405737,0.04143413,0.0405737,0.04083252,gala
10-10-2022 21:00:00,0.04037241,0.04226886,0.04010273,0.04010273,gala
10-14-2022 21:00:00,0.03947791,0.03947791,0.03672225,0.03672225,gala
10-18-2022 21:00:00,0.03664255,0.03717459,0.035694,0.035694,gala
10-22-2022 21:00:00,0.03295302,0.0333835,0.03288453,0.0333835,gala
10-26-2022 21:00:00,0.03399277,0.03499394,0.03304638,0.03499394,gala
10-30-2022 21:00:00,0.03460128,0.04401225,0.03460128,0.04401225,gala
11-02-2022 21:00:00,0.04206439,0.04206439,0.03839177,0.03839177,gala
11-06-2022 21:00:00,0.03344264,0.03852191,0.03344264,0.0359461,gala
11-10-2022 21:00:00,0.03616804,0.03616804,0.02554161,0.03172773,gala
11-14-2022 21:00:00,0.03218456,0.03218456,0.02946626,0.02959332,gala
11-18-2022 21:00:00,0.02932194,0.02932194,0.02739944,0.02756103,gala
11-22-2022 21:00:00,0.02761936,0.02761936,0.02482771,0.0254562,gala
11-26-2022 21:00:00,0.02604678,0.02604678,0.02507849,0.02514274,gala
11-29-2022 21:00:00,0.02530725,0.02530725,0.0247919,0.02523336,gala
12-02-2022 21:00:00,0.02607164,0.02607164,0.0252914,0.02561624,gala
12-06-2022 21:00:00,0.0249793,0.02711368,0.0249793,0.02711368,gala
12-10-2022 21:00:00,0.02564322,0.02645777,0.02559354,0.02559354,gala
12-14-2022 21:00:00,0.02526044,0.02526044,0.02446467,0.02446467,gala
12-18-2022 21:00:00,0.02403907,0.02403907,0.02033474,0.0204851,gala
12-22-2022 21:00:00,0.01849181,0.01953683,0.01849181,0.01899657,gala
12-26-2022 21:00:00,0.01900596,0.01900596,0.01835472,0.01835472,gala
12-30-2022 21:00:00,0.01786385,0.01786385,0.01619296,0.01651479,gala
01-02-2023 21:00:00,0.01668892,0.01771476,0.01668892,0.01771476,gala
01-06-2023 21:00:00,0.01763887,0.0233651,0.01763887,0.0233651,gala
01-10-2023 21:00:00,0.02332435,0.04153283,0.02332435,0.04153283,gala
01-14-2023 21:00:00,0.03843985,0.050865,0.03843985,0.04988219,gala
01-18-2023 21:00:00,0.04901463,0.050171,0.04479728,0.04479728,gala
01-22-2023 21:00:00,0.04561403,0.04909063,0.04561403,0.0487117,gala
01-26-2023 21:00:00,0.053288,0.053288,0.04775358,0.04883939,gala
01-30-2023 21:00:00,0.053036,0.059356,0.053036,0.053499,gala
02-02-2023 21:00:00,0.054355,0.057048,0.054207,0.054207,gala
02-06-2023 21:00:00,0.056179,0.056179,0.051909,0.051909,gala
02-10-2023 21:00:00,0.055923,0.055923,0.04423907,0.04435483,gala
02-14-2023 21:00:00,0.04578577,0.04578577,0.04217803,0.04431834,gala
02-18-2023 21:00:00,0.04956992,0.04956992,0.04605216,0.04782369,gala
02-22-2023 21:00:00,0.04722136,0.0481056,0.04519443,0.04519443,gala
02-26-2023 21:00:00,0.04420322,0.04420322,0.04026803,0.041188,gala
02-27-2023 21:00:00,0.04074852,0.04157975,0.03955843,0.03999835,gala
03-06-2023 21:00:00,0.03745877,0.0390453,0.03505295,0.0390453,gala
03-10-2023 21:00:00,0.03703888,0.03703888,0.03235465,0.03284535,gala
03-14-2023 21:00:00,0.03140151,0.04319375,0.03140151,0.04319375,gala
03-18-2023 21:00:00,0.03810196,0.04598266,0.03810196,0.04598266,gala
03-22-2023 21:00:00,0.04683704,0.04683704,0.04085718,0.04085718,gala
03-26-2023 21:00:00,0.042706,0.042706,0.03856042,0.0400243,gala
03-30-2023 21:00:00,0.03769055,0.04190028,0.03769055,0.04076085,gala
04-02-2023 21:00:00,0.04147374,0.04150628,0.04067575,0.04067575,gala
04-06-2023 21:00:00,0.04008454,0.04150998,0.04008454,0.04031453,gala
04-10-2023 21:00:00,0.03998419,0.04151328,0.03964189,0.04151328,gala
04-14-2023 21:00:00,0.0416889,0.04378224,0.0416889,0.04335032,gala
04-18-2023 21:00:00,0.04296055,0.04724039,0.04296055,0.04724039,gala
04-22-2023 21:00:00,0.04330126,0.04330126,0.03961714,0.04112068,gala
04-26-2023 21:00:00,0.04029842,0.04029842,0.03845018,0.03845018,gala
04-29-2023 21:00:00,0.03947336,0.03947336,0.03903573,0.03940612,gala
05-02-2023 21:00:00,0.03855647,0.03855647,0.03730227,0.03755727,gala
05-06-2023 21:00:00,0.03723644,0.03723644,0.03240435,0.03240435,gala
05-10-2023 21:00:00,0.03201591,0.03201591,0.02841741,0.03162003,gala
05-14-2023 21:00:00,0.02866815,0.03050904,0.02866815,0.03050904,gala
05-18-2023 21:00:00,0.03035469,0.03264178,0.03035469,0.03184873,gala
05-22-2023 21:00:00,0.0311659,0.0311659,0.02953614,0.03002516,gala
05-26-2023 21:00:00,0.03068825,0.03068825,0.02977081,0.03019724,gala
05-30-2023 21:00:00,0.03022411,0.031325,0.0300169,0.0300169,gala
06-02-2023 21:00:00,0.02948998,0.03024087,0.02948998,0.03024087,gala
06-06-2023 21:00:00,0.0301165,0.0301165,0.02651055,0.02762724,gala
06-10-2023 21:00:00,0.0258638,0.02604518,0.0212222,0.0212222,gala
06-14-2023 21:00:00,0.02157278,0.02212075,0.02122365,0.02122365,gala
06-18-2023 21:00:00,0.02210728,0.0233662,0.02210728,0.02295551,gala
06-22-2023 21:00:00,0.02320315,0.02560174,0.02320315,0.02491024,gala
06-26-2023 21:00:00,0.02614412,0.02681215,0.02559808,0.02559808,gala
06-29-2023 21:00:00,0.02561827,0.02561827,0.02338648,0.02414389,gala
07-02-2023 21:00:00,0.02459121,0.02540071,0.02459121,0.02513595,gala
07-06-2023 21:00:00,0.02575033,0.02575033,0.02347794,0.02347794,gala
07-10-2023 21:00:00,0.02408759,0.02429949,0.02402149,0.02429949,gala
07-14-2023 21:00:00,0.02467834,0.0261665,0.0241449,0.02526732,gala
07-18-2023 21:00:00,0.02571818,0.02790392,0.02493087,0.02626187,gala
07-22-2023 21:00:00,0.02576258,0.02678657,0.02576258,0.02608343,gala
07-26-2023 21:00:00,0.02658371,0.02658371,0.0234252,0.0234252,gala
07-30-2023 21:00:00,0.02365123,0.02365123,0.0231729,0.0231729,gala
08-02-2023 21:00:00,0.02300677,0.02350985,0.02300677,0.02322737,gala
08-06-2023 21:00:00,0.02281381,0.02440386,0.02223506,0.02347485,gala
08-10-2023 21:00:00,0.02309293,0.02351952,0.02279575,0.02279575,gala
08-14-2023 21:00:00,0.02289413,0.02314849,0.02289413,0.02314849,gala
08-18-2023 21:00:00,0.02159254,0.02159254,0.01911204,0.01965136,gala
08-22-2023 21:00:00,0.02009148,0.02009148,0.01933121,0.01933121,gala
08-26-2023 21:00:00,0.01986463,0.01986463,0.01986463,0.01986463,gala
08-26-2022 21:00:00,1.0,1.004,1.0,1.004,true-usd
08-30-2022 21:00:00,1.0,1.003,1.0,1.0,true-usd
09-02-2022 21:00:00,0.998822,1.002,0.998822,1.001,true-usd
09-06-2022 21:00:00,1.0,1.002,0.997996,1.002,true-usd
09-10-2022 21:00:00,0.99939,1.001,0.99939,1.001,true-usd
09-14-2022 21:00:00,0.997581,1.001,0.997581,1.001,true-usd
09-18-2022 21:00:00,0.99864,1.002,0.998123,1.002,true-usd
09-22-2022 21:00:00,0.999652,1.001,0.999082,1.001,true-usd
09-26-2022 21:00:00,1.001,1.001,0.999121,0.999121,true-usd
09-29-2022 21:00:00,1.0,1.002,0.998829,0.998829,true-usd
10-02-2022 21:00:00,1.001,1.001,1.001,1.001,true-usd
10-06-2022 21:00:00,0.998662,1.001,0.998662,1.0,true-usd
10-10-2022 21:00:00,1.003,1.003,0.999196,0.999714,true-usd
10-14-2022 21:00:00,1.0,1.001,0.999547,1.001,true-usd
10-18-2022 21:00:00,0.999743,1.0,0.998762,0.998762,true-usd
10-22-2022 21:00:00,0.999465,0.999555,0.998175,0.999555,true-usd
10-26-2022 21:00:00,0.999563,1.0,0.998979,1.0,true-usd
10-30-2022 21:00:00,0.998758,1.0,0.998758,1.0,true-usd
11-02-2022 21:00:00,0.999487,1.0,0.999487,1.0,true-usd
11-06-2022 21:00:00,0.999866,1.0,0.999866,1.0,true-usd
11-10-2022 21:00:00,0.999277,1.003,0.993495,1.003,true-usd
11-14-2022 21:00:00,1.001,1.003,0.995841,1.003,true-usd
11-18-2022 21:00:00,1.003,1.003,1.001,1.001,true-usd
11-22-2022 21:00:00,1.005,1.005,1.001,1.001,true-usd
11-26-2022 21:00:00,1.002,1.002,0.999086,0.999086,true-usd
11-29-2022 21:00:00,1.001,1.001,0.998692,1.001,true-usd
12-02-2022 21:00:00,1.0,1.0,1.0,1.0,true-usd
12-06-2022 21:00:00,1.001,1.001,1.0,1.001,true-usd
12-10-2022 21:00:00,1.001,1.001,0.999856,1.001,true-usd
12-14-2022 21:00:00,1.0,1.0,0.998433,1.0,true-usd
12-18-2022 21:00:00,0.998405,1.002,0.998405,1.0,true-usd
12-22-2022 21:00:00,1.0,1.001,1.0,1.0,true-usd
12-26-2022 21:00:00,1.001,1.001,0.998259,1.001,true-usd
12-30-2022 21:00:00,1.0,1.001,1.0,1.001,true-usd
01-02-2023 21:00:00,1.004,1.004,1.001,1.001,true-usd
01-06-2023 21:00:00,1.001,1.001,1.0,1.0,true-usd
01-10-2023 21:00:00,1.001,1.001,1.0,1.0,true-usd
01-14-2023 21:00:00,1.001,1.001,1.0,1.0,true-usd
01-18-2023 21:00:00,0.999618,1.001,0.999618,1.001,true-usd
01-22-2023 21:00:00,1.0,1.002,0.999452,1.002,true-usd
01-26-2023 21:00:00,1.003,1.003,1.0,1.001,true-usd
01-30-2023 21:00:00,1.001,1.002,1.001,1.002,true-usd
02-02-2023 21:00:00,0.999638,1.003,0.999638,1.003,true-usd
02-06-2023 21:00:00,0.999461,1.002,0.999461,0.999796,true-usd
02-10-2023 21:00:00,1.001,1.001,0.999393,0.999393,true-usd
02-14-2023 21:00:00,1.001,1.001,0.999577,1.0,true-usd
02-18-2023 21:00:00,0.999825,1.004,0.999825,1.001,true-usd
02-22-2023 21:00:00,1.001,1.001,0.998731,0.998731,true-usd
02-26-2023 21:00:00,1.001,1.001,0.99871,1.0,true-usd
02-27-2023 21:00:00,1.0,1.0,0.998523,1.0,true-usd
03-06-2023 21:00:00,0.999737,1.002,0.999667,1.0,true-usd
03-10-2023 21:00:00,1.001,1.001,0.997969,0.997969,true-usd
03-14-2023 21:00:00,0.993851,1.006,0.993851,1.003,true-usd
03-18-2023 21:00:00,1.006,1.006,1.004,1.006,true-usd
03-22-2023 21:00:00,1.001,1.009,1.001,1.006,true-usd
03-26-2023 21:00:00,1.006,1.007,0.999637,0.999637,true-usd
03-30-2023 21:00:00,1.003,1.003,0.999899,1.001,true-usd
04-02-2023 21:00:00,1.001,1.001,1.001,1.001,true-usd
04-06-2023 21:00:00,1.0,1.004,1.0,1.0,true-usd
04-10-2023 21:00:00,0.999939,1.0,0.998908,0.998908,true-usd
04-14-2023 21:00:00,1.001,1.001,0.998913,1.0,true-usd
04-18-2023 21:00:00,1.0,1.001,0.999272,1.001,true-usd
04-22-2023 21:00:00,1.004,1.004,0.999552,1.001,true-usd
04-26-2023 21:00:00,0.998406,0.99918,0.998406,0.998855,true-usd
04-29-2023 21:00:00,0.99982,0.999947,0.999679,0.999679,true-usd
05-02-2023 21:00:00,1.008,1.008,0.999396,0.999396,true-usd
05-06-2023 21:00:00,0.998463,1.001,0.998463,1.001,true-usd
05-10-2023 21:00:00,0.995304,1.001,0.995304,0.999519,true-usd
05-14-2023 21:00:00,1.001,1.001,0.998347,0.99992,true-usd
05-18-2023 21:00:00,1.001,1.001,0.999675,0.999807,true-usd
05-22-2023 21:00:00,0.999792,1.0,0.99928,1.0,true-usd
05-26-2023 21:00:00,0.99932,0.999977,0.999259,0.999977,true-usd
05-30-2023 21:00:00,0.999458,1.0,0.999104,0.999104,true-usd
06-02-2023 21:00:00,1.001,1.001,0.999568,0.999568,true-usd
06-06-2023 21:00:00,1.0,1.0,0.997507,0.99943,true-usd
06-10-2023 21:00:00,0.999613,0.999613,0.99576,0.99576,true-usd
06-14-2023 21:00:00,0.998581,1.002,0.998581,1.002,true-usd
06-18-2023 21:00:00,1.002,1.002,1.002,1.002,true-usd
06-22-2023 21:00:00,1.003,1.004,0.999967,0.999967,true-usd
06-26-2023 21:00:00,0.999705,0.999765,0.998979,0.999495,true-usd
06-29-2023 21:00:00,0.998716,0.999672,0.998336,0.998336,true-usd
07-02-2023 21:00:00,0.999334,0.999334,0.998572,0.998572,true-usd
07-06-2023 21:00:00,1.0,1.0,0.999276,0.999941,true-usd
07-10-2023 21:00:00,0.999629,1.001,0.999629,0.999951,true-usd
07-14-2023 21:00:00,0.999853,1.001,0.999152,0.999472,true-usd
07-18-2023 21:00:00,1.0,1.0,0.999351,0.999351,true-usd
07-22-2023 21:00:00,1.001,1.001,0.999622,0.999854,true-usd
07-26-2023 21:00:00,0.999998,0.999998,0.998405,0.999868,true-usd
07-30-2023 21:00:00,0.998451,0.999023,0.998451,0.99865,true-usd
08-02-2023 21:00:00,0.997942,1.002,0.997942,0.999796,true-usd
08-06-2023 21:00:00,0.999487,1.0,0.998733,0.998733,true-usd
08-10-2023 21:00:00,1.0,1.0,0.998915,0.998915,true-usd
08-14-2023 21:00:00,0.999301,0.999462,0.99838,0.99838,true-usd
08-18-2023 21:00:00,0.999126,1.001,0.993847,0.999702,true-usd
08-22-2023 21:00:00,0.999877,1.001,0.999001,1.001,true-usd
08-26-2023 21:00:00,0.99945,0.99945,0.99945,0.99945,true-usd
05-02-2023 21:00:00,1.4,1.4,1.4,1.4,sui
05-06-2023 21:00:00,1.4,1.4,1.31,1.34,sui
05-10-2023 21:00:00,1.28,1.28,1.15,1.18,sui
05-14-2023 21:00:00,1.079,1.16,1.079,1.16,sui
05-18-2023 21:00:00,1.21,1.21,1.14,1.14,sui
05-22-2023 21:00:00,1.13,1.13,1.059,1.059,sui
05-26-2023 21:00:00,1.057,1.057,0.985954,0.994559,sui
05-30-2023 21:00:00,1.003,1.064,1.003,1.005,sui
06-02-2023 21:00:00,0.978225,0.978225,0.946091,0.949042,sui
06-06-2023 21:00:00,0.934948,0.963233,0.818785,0.838526,sui
06-10-2023 21:00:00,0.763229,0.763229,0.61751,0.61751,sui
06-14-2023 21:00:00,0.609278,0.706591,0.609278,0.660437,sui
06-18-2023 21:00:00,0.656647,0.753242,0.656647,0.717268,sui
06-22-2023 21:00:00,0.78366,0.833767,0.78366,0.808504,sui
06-26-2023 21:00:00,0.797124,0.797124,0.723542,0.723542,sui
06-29-2023 21:00:00,0.720488,0.720488,0.664873,0.680356,sui
07-02-2023 21:00:00,0.690659,0.690659,0.688095,0.689944,sui
07-06-2023 21:00:00,0.697396,0.697396,0.651706,0.651706,sui
07-10-2023 21:00:00,0.660091,0.660091,0.652049,0.654975,sui
07-14-2023 21:00:00,0.655341,0.698813,0.655341,0.680592,sui
07-18-2023 21:00:00,0.682342,0.739874,0.672587,0.739874,sui
07-22-2023 21:00:00,0.710279,0.710279,0.684253,0.691083,sui
07-26-2023 21:00:00,0.679475,0.679475,0.634166,0.634166,sui
07-30-2023 21:00:00,0.630214,0.639488,0.621355,0.621355,sui
08-02-2023 21:00:00,0.632745,0.646321,0.612989,0.612989,sui
08-06-2023 21:00:00,0.592945,0.592945,0.590853,0.590853,sui
08-10-2023 21:00:00,0.582025,0.604018,0.582025,0.604018,sui
08-14-2023 21:00:00,0.604815,0.607752,0.597759,0.599196,sui
08-18-2023 21:00:00,0.562996,0.562996,0.473591,0.484422,sui
08-22-2023 21:00:00,0.555757,0.555757,0.514269,0.537353,sui
08-26-2023 21:00:00,0.602114,0.602114,0.602114,0.602114,sui
08-26-2022 21:00:00,0.998052,1.001,0.998052,1.001,binance-usd
08-30-2022 21:00:00,1.001,1.003,0.998534,0.998534,binance-usd
09-02-2022 21:00:00,1.001,1.001,0.999826,0.999826,binance-usd
09-06-2022 21:00:00,1.0,1.001,1.0,1.0,binance-usd
09-10-2022 21:00:00,0.998997,1.0,0.998997,0.999242,binance-usd
09-14-2022 21:00:00,1.001,1.001,1.0,1.001,binance-usd
09-18-2022 21:00:00,1.0,1.001,0.999644,0.999644,binance-usd
09-22-2022 21:00:00,0.999746,1.001,0.999746,1.001,binance-usd
09-26-2022 21:00:00,0.998614,1.002,0.998614,1.001,binance-usd
09-29-2022 21:00:00,1.001,1.001,0.999558,1.001,binance-usd
10-02-2022 21:00:00,1.002,1.004,1.001,1.004,binance-usd
10-06-2022 21:00:00,0.999418,1.001,0.999418,0.999969,binance-usd
10-10-2022 21:00:00,1.002,1.002,0.99884,0.99884,binance-usd
10-14-2022 21:00:00,1.001,1.001,0.999483,1.001,binance-usd
10-18-2022 21:00:00,1.001,1.001,1.0,1.0,binance-usd
10-22-2022 21:00:00,1.0,1.0,0.999711,1.0,binance-usd
10-26-2022 21:00:00,1.001,1.001,0.999305,0.99993,binance-usd
10-30-2022 21:00:00,0.999829,1.0,0.999386,1.0,binance-usd
11-02-2022 21:00:00,1.0,1.001,1.0,1.001,binance-usd
11-06-2022 21:00:00,1.001,1.001,0.999251,0.999904,binance-usd
11-10-2022 21:00:00,1.001,1.003,0.9992,1.003,binance-usd
11-14-2022 21:00:00,1.009,1.009,1.001,1.002,binance-usd
11-18-2022 21:00:00,1.002,1.002,1.001,1.001,binance-usd
11-22-2022 21:00:00,1.001,1.002,1.0,1.0,binance-usd
11-26-2022 21:00:00,1.002,1.002,1.0,1.001,binance-usd
11-29-2022 21:00:00,1.001,1.001,0.999877,0.999877,binance-usd
12-02-2022 21:00:00,1.006,1.006,1.0,1.002,binance-usd
12-06-2022 21:00:00,1.002,1.002,0.999788,0.999788,binance-usd
12-10-2022 21:00:00,1.0,1.001,1.0,1.001,binance-usd
12-14-2022 21:00:00,1.0,1.001,0.999109,1.001,binance-usd
12-18-2022 21:00:00,0.998943,1.002,0.998943,0.999712,binance-usd
12-22-2022 21:00:00,0.999392,1.001,0.999392,1.0,binance-usd
12-26-2022 21:00:00,1.001,1.001,1.0,1.0,binance-usd
12-30-2022 21:00:00,1.0,1.001,1.0,1.001,binance-usd
01-02-2023 21:00:00,1.001,1.001,0.999439,0.999439,binance-usd
01-06-2023 21:00:00,1.001,1.001,1.0,1.0,binance-usd
01-10-2023 21:00:00,1.001,1.001,1.0,1.0,binance-usd
01-14-2023 21:00:00,1.009,1.009,0.999159,0.999159,binance-usd
01-18-2023 21:00:00,0.999318,1.001,0.997193,1.001,binance-usd
01-22-2023 21:00:00,1.0,1.002,0.999215,1.002,binance-usd
01-26-2023 21:00:00,1.002,1.002,1.001,1.001,binance-usd
01-30-2023 21:00:00,1.001,1.002,1.0,1.002,binance-usd
02-02-2023 21:00:00,1.0,1.002,0.999813,1.002,binance-usd
02-06-2023 21:00:00,1.0,1.001,0.997988,1.001,binance-usd
02-10-2023 21:00:00,1.001,1.002,0.999887,1.002,binance-usd
02-14-2023 21:00:00,1.0,1.001,0.999774,1.001,binance-usd
02-18-2023 21:00:00,1.0,1.002,0.999088,1.0,binance-usd
02-22-2023 21:00:00,0.998162,1.0,0.998162,1.0,binance-usd
02-26-2023 21:00:00,1.002,1.002,0.999939,1.0,binance-usd
02-27-2023 21:00:00,0.999785,1.0,0.99965,1.0,binance-usd
03-06-2023 21:00:00,1.001,1.001,1.0,1.0,binance-usd
03-10-2023 21:00:00,1.002,1.002,0.997703,0.997703,binance-usd
03-14-2023 21:00:00,0.995417,1.006,0.995417,1.002,binance-usd
03-18-2023 21:00:00,1.001,1.005,1.001,1.005,binance-usd
03-22-2023 21:00:00,0.999166,1.007,0.999166,1.005,binance-usd
03-26-2023 21:00:00,1.004,1.007,0.999154,0.999154,binance-usd
03-30-2023 21:00:00,1.001,1.001,1.0,1.001,binance-usd
04-02-2023 21:00:00,0.999988,1.002,0.999988,1.002,binance-usd
04-06-2023 21:00:00,1.0,1.003,1.0,1.0,binance-usd
04-10-2023 21:00:00,1.0,1.001,1.0,1.0,binance-usd
04-14-2023 21:00:00,1.001,1.002,1.0,1.002,binance-usd
04-18-2023 21:00:00,1.001,1.001,1.001,1.001,binance-usd
04-22-2023 21:00:00,1.003,1.003,1.001,1.002,binance-usd
04-26-2023 21:00:00,1.001,1.001,0.999417,0.999417,binance-usd
04-29-2023 21:00:00,1.001,1.001,1.001,1.001,binance-usd
05-02-2023 21:00:00,1.001,1.001,1.0,1.0,binance-usd
05-06-2023 21:00:00,0.99992,1.001,0.99992,1.001,binance-usd
05-10-2023 21:00:00,0.995311,1.001,0.995311,1.001,binance-usd
05-14-2023 21:00:00,0.999861,1.001,0.999524,1.0,binance-usd
05-18-2023 21:00:00,0.998883,1.0,0.998883,1.0,binance-usd
05-22-2023 21:00:00,1.0,1.001,0.999595,0.999595,binance-usd
05-26-2023 21:00:00,0.999079,1.0,0.999079,1.0,binance-usd
05-30-2023 21:00:00,0.998716,1.0,0.998716,0.999567,binance-usd
06-02-2023 21:00:00,1.0,1.002,1.0,1.0,binance-usd
06-06-2023 21:00:00,0.999899,1.001,0.998844,1.0,binance-usd
06-10-2023 21:00:00,1.0,1.0,0.999209,0.999783,binance-usd
06-14-2023 21:00:00,1.0,1.0,0.99968,0.99968,binance-usd
06-18-2023 21:00:00,0.999427,1.0,0.999427,0.999534,binance-usd
06-22-2023 21:00:00,1.001,1.002,0.998635,0.998635,binance-usd
06-26-2023 21:00:00,1.001,1.001,0.998537,1.001,binance-usd
06-29-2023 21:00:00,0.999037,1.0,0.998411,1.0,binance-usd
07-02-2023 21:00:00,0.99974,1.0,0.99974,0.999764,binance-usd
07-06-2023 21:00:00,1.0,1.0,0.998423,0.999026,binance-usd
07-10-2023 21:00:00,0.999969,1.001,0.999969,1.001,binance-usd
07-14-2023 21:00:00,1.0,1.002,1.0,1.001,binance-usd
07-18-2023 21:00:00,1.0,1.001,0.999636,1.001,binance-usd
07-22-2023 21:00:00,1.001,1.001,0.99931,1.0,binance-usd
07-26-2023 21:00:00,0.999913,1.001,0.999805,1.001,binance-usd
07-30-2023 21:00:00,0.999398,1.0,0.999398,1.0,binance-usd
08-02-2023 21:00:00,0.999871,1.002,0.999871,1.0,binance-usd
08-06-2023 21:00:00,0.999279,1.001,0.999279,0.999311,binance-usd
08-10-2023 21:00:00,1.001,1.001,0.999862,0.999957,binance-usd
08-14-2023 21:00:00,0.999997,0.999997,0.999262,0.999895,binance-usd
08-18-2023 21:00:00,0.999627,1.001,0.997126,1.001,binance-usd
08-22-2023 21:00:00,0.99986,1.001,0.99927,1.001,binance-usd
08-26-2023 21:00:00,1.0,1.0,1.0,1.0,binance-usd
08-26-2022 21:00:00,2.19,2.19,1.95,1.95,thorchain
08-30-2022 21:00:00,1.95,1.97,1.86,1.89,thorchain
09-02-2022 21:00:00,1.91,1.94,1.91,1.91,thorchain
09-06-2022 21:00:00,1.89,1.94,1.76,1.76,thorchain
09-10-2022 21:00:00,1.84,2.04,1.84,2.04,thorchain
09-14-2022 21:00:00,2.01,2.01,1.78,1.8,thorchain
09-18-2022 21:00:00,1.71,1.81,1.65,1.65,thorchain
09-22-2022 21:00:00,1.69,1.69,1.56,1.65,thorchain
09-26-2022 21:00:00,1.65,1.65,1.59,1.6,thorchain
09-29-2022 21:00:00,1.57,1.58,1.57,1.58,thorchain
10-02-2022 21:00:00,1.57,1.57,1.5,1.5,thorchain
10-06-2022 21:00:00,1.6,1.67,1.6,1.62,thorchain
10-10-2022 21:00:00,1.58,1.61,1.52,1.52,thorchain
10-14-2022 21:00:00,1.52,1.52,1.46,1.46,thorchain
10-18-2022 21:00:00,1.44,1.55,1.44,1.51,thorchain
10-22-2022 21:00:00,1.44,1.44,1.44,1.44,thorchain
10-26-2022 21:00:00,1.49,1.54,1.44,1.54,thorchain
10-30-2022 21:00:00,1.51,1.57,1.51,1.56,thorchain
11-02-2022 21:00:00,1.58,1.58,1.48,1.48,thorchain
11-06-2022 21:00:00,1.49,1.66,1.49,1.61,thorchain
11-10-2022 21:00:00,1.63,1.63,1.017,1.23,thorchain
11-14-2022 21:00:00,1.16,1.19,1.11,1.19,thorchain
11-18-2022 21:00:00,1.23,1.23,1.2,1.2,thorchain
11-22-2022 21:00:00,1.23,1.23,1.11,1.12,thorchain
11-26-2022 21:00:00,1.18,1.19,1.18,1.19,thorchain
11-29-2022 21:00:00,1.19,1.23,1.16,1.23,thorchain
12-02-2022 21:00:00,1.29,1.37,1.29,1.37,thorchain
12-06-2022 21:00:00,1.33,1.39,1.33,1.39,thorchain
12-10-2022 21:00:00,1.38,1.43,1.38,1.42,thorchain
12-14-2022 21:00:00,1.38,1.47,1.38,1.47,thorchain
12-18-2022 21:00:00,1.45,1.45,1.31,1.32,thorchain
12-22-2022 21:00:00,1.3,1.39,1.3,1.39,thorchain
12-26-2022 21:00:00,1.4,1.4,1.38,1.39,thorchain
12-30-2022 21:00:00,1.38,1.38,1.28,1.28,thorchain
01-02-2023 21:00:00,1.28,1.32,1.28,1.32,thorchain
01-06-2023 21:00:00,1.33,1.38,1.33,1.38,thorchain
01-10-2023 21:00:00,1.38,1.47,1.38,1.47,thorchain
01-14-2023 21:00:00,1.47,1.76,1.47,1.76,thorchain
01-18-2023 21:00:00,1.75,1.77,1.6,1.6,thorchain
01-22-2023 21:00:00,1.65,1.79,1.65,1.76,thorchain
01-26-2023 21:00:00,1.74,1.77,1.68,1.77,thorchain
01-30-2023 21:00:00,1.89,1.92,1.76,1.76,thorchain
02-02-2023 21:00:00,1.77,1.86,1.77,1.86,thorchain
02-06-2023 21:00:00,1.9,1.9,1.77,1.77,thorchain
02-10-2023 21:00:00,1.95,1.95,1.66,1.67,thorchain
02-14-2023 21:00:00,1.72,1.72,1.65,1.7,thorchain
02-18-2023 21:00:00,1.81,1.81,1.68,1.77,thorchain
02-22-2023 21:00:00,1.74,1.82,1.71,1.71,thorchain
02-26-2023 21:00:00,1.72,1.72,1.61,1.65,thorchain
02-27-2023 21:00:00,1.61,1.68,1.57,1.64,thorchain
03-06-2023 21:00:00,1.51,1.51,1.47,1.5,thorchain
03-10-2023 21:00:00,1.47,1.47,1.23,1.23,thorchain
03-14-2023 21:00:00,1.21,1.46,1.21,1.46,thorchain
03-18-2023 21:00:00,1.35,1.47,1.35,1.43,thorchain
03-22-2023 21:00:00,1.46,1.46,1.37,1.37,thorchain
03-26-2023 21:00:00,1.45,1.45,1.39,1.4,thorchain
03-30-2023 21:00:00,1.34,1.42,1.34,1.4,thorchain
04-02-2023 21:00:00,1.43,1.47,1.43,1.44,thorchain
04-06-2023 21:00:00,1.48,1.61,1.48,1.57,thorchain
04-10-2023 21:00:00,1.56,1.64,1.56,1.64,thorchain
04-14-2023 21:00:00,1.63,1.68,1.6,1.68,thorchain
04-18-2023 21:00:00,1.67,1.7,1.65,1.7,thorchain
04-22-2023 21:00:00,1.53,1.53,1.37,1.4,thorchain
04-26-2023 21:00:00,1.38,1.38,1.35,1.35,thorchain
04-29-2023 21:00:00,1.39,1.39,1.36,1.37,thorchain
05-02-2023 21:00:00,1.35,1.35,1.31,1.31,thorchain
05-06-2023 21:00:00,1.33,1.35,1.3,1.3,thorchain
05-10-2023 21:00:00,1.3,1.3,1.2,1.22,thorchain
05-14-2023 21:00:00,1.18,1.19,1.18,1.19,thorchain
05-18-2023 21:00:00,1.18,1.19,1.16,1.18,thorchain
05-22-2023 21:00:00,1.17,1.17,1.12,1.12,thorchain
05-26-2023 21:00:00,1.14,1.14,1.1,1.14,thorchain
05-30-2023 21:00:00,1.14,1.17,1.14,1.16,thorchain
06-02-2023 21:00:00,1.13,1.18,1.13,1.18,thorchain
06-06-2023 21:00:00,1.17,1.18,1.082,1.12,thorchain
06-10-2023 21:00:00,1.077,1.077,0.948235,0.948235,thorchain
06-14-2023 21:00:00,0.916383,0.916383,0.796015,0.796015,thorchain
06-18-2023 21:00:00,0.82063,0.8386,0.82063,0.830042,thorchain
06-22-2023 21:00:00,0.843723,0.934519,0.843723,0.927497,thorchain
06-26-2023 21:00:00,0.973105,1.008,0.973105,0.987185,thorchain
06-29-2023 21:00:00,1.005,1.005,0.950485,0.977913,thorchain
07-02-2023 21:00:00,1.031,1.074,1.031,1.074,thorchain
07-06-2023 21:00:00,1.096,1.096,0.996412,0.996412,thorchain
07-10-2023 21:00:00,1.01,1.015,1.005,1.015,thorchain
07-14-2023 21:00:00,0.989101,1.065,0.982309,1.029,thorchain
07-18-2023 21:00:00,1.038,1.038,0.985247,0.985247,thorchain
07-22-2023 21:00:00,0.998386,0.998386,0.979155,0.979155,thorchain
07-26-2023 21:00:00,1.001,1.001,0.946645,0.946645,thorchain
07-30-2023 21:00:00,0.92822,0.944771,0.925345,0.925345,thorchain
08-02-2023 21:00:00,0.935376,0.950148,0.926671,0.926671,thorchain
08-06-2023 21:00:00,0.928067,0.93175,0.927739,0.93175,thorchain
08-10-2023 21:00:00,0.954311,1.05,0.954311,1.05,thorchain
08-14-2023 21:00:00,1.14,1.47,1.14,1.47,thorchain
08-18-2023 21:00:00,1.53,1.62,1.45,1.62,thorchain
08-22-2023 21:00:00,1.71,1.77,1.57,1.57,thorchain
08-26-2023 21:00:00,1.6,1.6,1.6,1.6,thorchain
