Fecha,Open,High,Low,Close,RSI,Moneda
2022-08-26 21:00:00,21395.0,21618.0,20271.0,20271.0,,bitcoin
2022-08-30 21:00:00,20070.0,20309.0,19659.25,19805.35,,bitcoin
2022-09-02 21:00:00,20024.0,20154.0,19941.45,19941.45,,bitcoin
2022-09-06 21:00:00,19814.56,19980.01,18859.5,18859.5,,bitcoin
2022-09-10 21:00:00,19280.63,21707.0,19280.63,21707.0,,bitcoin
2022-09-14 21:00:00,21740.0,22340.0,20185.0,20256.0,,bitcoin
2022-09-18 21:00:00,19702.17,20132.0,19437.16,19437.16,,bitcoin
2022-09-22 21:00:00,19570.39,19570.39,18539.64,19464.32,,bitcoin
2022-09-26 21:00:00,19291.9,19291.9,18809.41,19219.73,,bitcoin
2022-09-29 21:00:00,19116.33,19563.77,19116.33,19563.77,,bitcoin
2022-10-02 21:00:00,19476.93,19476.93,19065.15,19065.15,,bitcoin
2022-10-06 21:00:00,19620.57,20345.0,19620.57,19949.05,,bitcoin
2022-10-10 21:00:00,19457.31,19457.31,19142.69,19142.69,,bitcoin
2022-10-14 21:00:00,19058.63,19383.94,19058.63,19198.11,,bitcoin
2022-10-18 21:00:00,19072.78,19557.9,19072.78,19348.03,45.296273079843644,bitcoin
2022-10-22 21:00:00,19134.24,19203.87,19031.16,19203.87,44.590674001436675,bitcoin
2022-10-26 21:00:00,19574.82,20774.0,19316.94,20774.0,53.15068464268756,bitcoin
2022-10-30 21:00:00,20278.0,20801.0,20278.0,20624.0,52.31912719365854,bitcoin
2022-11-02 21:00:00,20495.0,20495.0,20163.0,20163.0,49.7433247312261,bitcoin
2022-11-06 21:00:00,20211.0,21283.0,20211.0,20907.0,53.70469726137777,bitcoin
2022-11-10 21:00:00,20598.0,20598.0,15742.44,17594.92,38.976063298942876,bitcoin
2022-11-14 21:00:00,17080.22,17080.22,16344.34,16645.83,35.93478276062224,bitcoin
2022-11-18 21:00:00,16890.53,16890.53,16689.4,16707.02,36.27999963774054,bitcoin
2022-11-22 21:00:00,16712.73,16712.73,15814.34,16171.63,34.52691848298663,bitcoin
2022-11-26 21:00:00,16608.01,16608.01,16456.16,16456.16,36.288864446206894,bitcoin
2022-11-29 21:00:00,16459.15,16459.15,16222.21,16441.98,36.23652739792067,bitcoin
2022-12-02 21:00:00,17186.5,17186.5,16972.73,17084.87,40.431215809928176,bitcoin
2022-12-06 21:00:00,16923.38,17149.93,16923.38,17085.64,40.43626996275539,bitcoin
2022-12-10 21:00:00,16851.3,17235.01,16851.3,17125.36,40.71569964104675,bitcoin
2022-12-14 21:00:00,17101.04,17808.72,17101.04,17808.72,45.45657007659294,bitcoin
2022-12-18 21:00:00,17338.36,17338.36,16623.76,16742.82,40.0735303687759,bitcoin
2022-12-22 21:00:00,16422.56,16899.33,16422.56,16824.79,40.6555454246437,bitcoin
2022-12-26 21:00:00,16791.46,16900.08,16791.46,16900.08,41.22023583249925,bitcoin
2022-12-30 21:00:00,16701.84,16701.84,16538.91,16604.02,39.62358074638905,bitcoin
2023-01-02 21:00:00,16540.69,16674.34,16540.69,16674.34,40.21591930293498,bitcoin
2023-01-06 21:00:00,16677.65,16960.23,16677.65,16960.23,42.678143981376664,bitcoin
2023-01-10 21:00:00,16950.86,17436.9,16950.86,17436.9,46.625273061759025,bitcoin
2023-01-14 21:00:00,17996.83,21019.0,17996.83,21019.0,65.7254507215147,bitcoin
2023-01-18 21:00:00,20853.0,21175.0,20727.0,20727.0,63.723599179095004,bitcoin
2023-01-22 21:00:00,21082.0,22771.0,21082.0,22737.0,70.40558993503058,bitcoin
2023-01-26 21:00:00,22985.0,23180.0,22610.0,23025.0,71.22349122965562,bitcoin
2023-01-30 21:00:00,23083.0,23797.0,22840.0,22840.0,69.88734595391635,bitcoin
2023-02-02 21:00:00,23137.0,23725.0,23137.0,23540.0,72.02579620734797,bitcoin
2023-02-06 21:00:00,23452.0,23452.0,22786.0,22786.0,66.54406853234701,bitcoin
2023-02-10 21:00:00,23295.0,23295.0,21630.0,21630.0,59.11554872884425,bitcoin
2023-02-14 21:00:00,21889.0,22220.0,21780.0,22220.0,61.479116377100375,bitcoin
2023-02-18 21:00:00,24308.0,24643.0,23757.0,24643.0,69.32267917086847,bitcoin
2023-02-22 21:00:00,24284.0,24787.0,24146.0,24146.0,66.33885803322238,bitcoin
2023-02-26 21:00:00,23951.0,23951.0,23157.0,23541.0,62.79554168738745,bitcoin
2023-02-27 21:00:00,23518.0,23634.0,23156.0,23464.0,62.3391655221429,bitcoin
2023-03-06 21:00:00,22367.0,22422.0,22348.0,22415.0,56.33263540015803,bitcoin
2023-03-10 21:00:00,22217.0,22217.0,20195.0,20195.0,46.18957884740866,bitcoin
2023-03-14 21:00:00,20522.0,24759.0,20522.0,24759.0,61.526743255054306,bitcoin
2023-03-18 21:00:00,24471.0,27467.0,24471.0,27108.0,66.77552874859981,bitcoin
2023-03-22 21:00:00,28187.0,28264.0,27449.0,27449.0,67.46935166195266,bitcoin
2023-03-26 21:00:00,28460.0,28460.0,27595.0,28048.0,68.70562353793265,bitcoin
2023-03-30 21:00:00,27182.0,28395.0,27182.0,28041.0,68.67277910297894,bitcoin
2023-04-02 21:00:00,28517.0,28517.0,28237.0,28237.0,69.11794149309566,bitcoin
2023-04-06 21:00:00,27815.0,28197.0,27815.0,28043.0,68.08663252782601,bitcoin
2023-04-10 21:00:00,27934.0,29658.0,27934.0,29658.0,71.85195146984293,bitcoin
2023-04-14 21:00:00,30261.0,30468.0,29904.0,30468.0,73.53828800763512,bitcoin
2023-04-18 21:00:00,30312.0,30366.0,29467.0,30366.0,72.94564229391528,bitcoin
2023-04-22 21:00:00,28833.0,28833.0,27300.0,27862.0,60.13361679284003,bitcoin
2023-04-26 21:00:00,27607.0,28352.0,27512.0,28352.0,61.556558597746346,bitcoin
2023-04-29 21:00:00,29484.0,29484.0,29218.0,29218.0,64.00204170207022,bitcoin
2023-05-02 21:00:00,29362.0,29362.0,28126.0,28654.0,61.26850091596829,bitcoin
2023-05-06 21:00:00,28988.0,29520.0,28846.0,28888.0,61.99378441032755,bitcoin
2023-05-10 21:00:00,28611.0,28611.0,27607.0,27640.0,55.973595693480554,bitcoin
2023-05-14 21:00:00,27025.0,27025.0,26788.0,26912.0,52.75527494662818,bitcoin
2023-05-18 21:00:00,27228.0,27390.0,26843.0,26843.0,52.447471788655946,bitcoin
2023-05-22 21:00:00,26884.0,27094.0,26774.0,26870.0,52.56410269683729,bitcoin
2023-05-26 21:00:00,27223.0,27223.0,26339.0,26718.0,51.793938213372236,bitcoin
2023-05-30 21:00:00,26848.0,28110.0,26848.0,27714.0,56.31110122923617,bitcoin
2023-06-02 21:00:00,27245.0,27248.0,26824.0,27248.0,53.77227049605442,bitcoin
2023-06-06 21:00:00,27066.0,27315.0,25793.0,27217.0,53.59914618487117,bitcoin
2023-06-10 21:00:00,26346.0,26508.0,25858.0,25858.0,46.52705722626866,bitcoin
2023-06-14 21:00:00,25917.0,25917.0,25108.0,25108.0,43.143802099655545,bitcoin
2023-06-18 21:00:00,25565.0,26501.0,25565.0,26333.0,49.59133896717545,bitcoin
2023-06-22 21:00:00,26779.0,30102.0,26779.0,29936.0,62.91282402132865,bitcoin
2023-06-26 21:00:00,30629.0,30629.0,30286.0,30286.0,63.910561018474944,bitcoin
2023-06-29 21:00:00,30694.0,30694.0,30083.0,30467.0,64.44329334915898,bitcoin
2023-07-02 21:00:00,30481.0,30584.0,30481.0,30572.0,64.76820041615552,bitcoin
2023-07-06 21:00:00,31135.0,31135.0,29990.0,29990.0,61.41813986370272,bitcoin
2023-07-10 21:00:00,30315.0,30394.0,30170.0,30394.0,62.85442598648776,bitcoin
2023-07-14 21:00:00,30621.0,31446.0,30312.0,30312.0,62.34709522392296,bitcoin
2023-07-18 21:00:00,30298.0,30298.0,29848.0,29848.0,59.42423694765011,bitcoin
2023-07-22 21:00:00,29920.0,29920.0,29710.0,29710.0,58.54515715157408,bitcoin
2023-07-26 21:00:00,30058.0,30058.0,29185.0,29364.0,56.2964774378961,bitcoin
2023-07-30 21:00:00,29200.0,29357.0,29200.0,29278.0,55.72357243740281,bitcoin
2023-08-02 21:00:00,29233.0,29537.0,29147.0,29147.0,54.808600794140816,bitcoin
2023-08-06 21:00:00,29176.0,29176.0,29044.0,29044.0,54.057027300382195,bitcoin
2023-08-10 21:00:00,29178.0,29780.0,29178.0,29424.0,56.430770196542184,bitcoin
2023-08-14 21:00:00,29397.0,29412.0,29285.0,29401.0,56.24136175270436,bitcoin
2023-08-18 21:00:00,29170.0,29170.0,26043.0,26043.0,36.81341208606093,bitcoin
2023-08-22 21:00:00,26105.0,26161.0,26034.0,26034.0,36.77674377413433,bitcoin
2023-08-26 21:00:00,26450.0,26450.0,26450.0,26450.0,39.76337092922529,bitcoin
2022-08-26 21:00:00,1657.79,1697.08,1510.19,1510.19,,ethereum
2022-08-30 21:00:00,1496.06,1555.18,1438.75,1525.4,,ethereum
2022-09-02 21:00:00,1552.56,1588.98,1552.56,1575.18,,ethereum
2022-09-06 21:00:00,1555.67,1617.94,1555.67,1564.56,,ethereum
2022-09-10 21:00:00,1629.88,1779.52,1629.88,1779.52,,ethereum
2022-09-14 21:00:00,1761.32,1761.32,1573.21,1635.37,,ethereum
2022-09-18 21:00:00,1472.0,1472.0,1335.85,1335.85,,ethereum
2022-09-22 21:00:00,1379.92,1379.92,1252.77,1330.79,,ethereum
2022-09-26 21:00:00,1329.56,1335.12,1294.08,1335.12,,ethereum
2022-09-29 21:00:00,1331.15,1340.02,1331.15,1335.74,,ethereum
2022-10-02 21:00:00,1329.15,1329.15,1277.9,1277.9,,ethereum
2022-10-06 21:00:00,1323.5,1363.24,1323.5,1351.43,,ethereum
2022-10-10 21:00:00,1324.89,1324.89,1291.08,1291.08,,ethereum
2022-10-14 21:00:00,1279.88,1297.63,1279.88,1297.63,,ethereum
2022-10-18 21:00:00,1275.69,1333.44,1275.69,1311.81,39.6320685690394,ethereum
2022-10-22 21:00:00,1284.65,1313.77,1282.04,1313.77,39.76496525343093,ethereum
2022-10-26 21:00:00,1364.49,1568.75,1343.33,1568.75,53.963533729437195,ethereum
2022-10-30 21:00:00,1514.86,1619.43,1514.86,1591.05,54.9634056373147,ethereum
2022-11-02 21:00:00,1572.98,1580.38,1520.64,1520.64,51.183454827155096,ethereum
2022-11-06 21:00:00,1531.11,1644.19,1531.11,1572.95,53.7294203202585,ethereum
2022-11-10 21:00:00,1569.99,1569.99,1095.18,1301.55,41.60543619802146,ethereum
2022-11-14 21:00:00,1293.91,1293.91,1223.01,1242.0,39.49933334896345,ethereum
2022-11-18 21:00:00,1252.71,1252.71,1201.79,1213.5,38.49499162980977,ethereum
2022-11-22 21:00:00,1218.89,1218.89,1110.29,1135.18,35.800981798713835,ethereum
2022-11-26 21:00:00,1184.46,1205.66,1184.46,1205.66,39.87855931316448,ethereum
2022-11-29 21:00:00,1196.2,1216.94,1170.12,1216.94,40.52959177885016,ethereum
2022-12-02 21:00:00,1298.94,1298.94,1276.64,1293.95,44.915180537559884,ethereum
2022-12-06 21:00:00,1243.04,1282.42,1243.04,1271.94,43.918329196147894,ethereum
2022-12-10 21:00:00,1233.63,1281.21,1233.63,1264.79,43.579956955275904,ethereum
2022-12-14 21:00:00,1264.32,1319.41,1264.32,1308.4,46.297688917821574,ethereum
2022-12-18 21:00:00,1263.75,1263.75,1165.97,1186.78,40.446339565064015,ethereum
2022-12-22 21:00:00,1166.99,1217.89,1166.99,1217.85,42.447499728446104,ethereum
2022-12-26 21:00:00,1220.7,1226.25,1219.29,1226.25,43.00511160134088,ethereum
2022-12-30 21:00:00,1211.82,1211.82,1188.73,1199.11,41.60260915898886,ethereum
2023-01-02 21:00:00,1196.61,1214.38,1196.61,1214.38,42.73420851565351,ethereum
2023-01-06 21:00:00,1214.76,1270.03,1214.76,1270.03,46.78157110047859,ethereum
2023-01-10 21:00:00,1264.84,1336.02,1264.84,1336.02,51.18720275542999,ethereum
2023-01-14 21:00:00,1389.77,1549.11,1389.77,1549.11,62.09841748450513,ethereum
2023-01-18 21:00:00,1551.32,1577.73,1516.56,1516.56,59.89595016784861,ethereum
2023-01-22 21:00:00,1550.51,1661.33,1550.51,1630.84,64.63803435432735,ethereum
2023-01-26 21:00:00,1632.96,1632.96,1557.06,1602.85,62.68302724524334,ethereum
2023-01-30 21:00:00,1598.47,1646.52,1568.65,1568.65,60.28381420331384,ethereum
2023-02-02 21:00:00,1586.54,1648.68,1586.54,1648.68,63.777682121541964,ethereum
2023-02-06 21:00:00,1665.43,1667.27,1617.14,1617.14,61.482159290955494,ethereum
2023-02-10 21:00:00,1672.82,1672.82,1515.53,1515.53,54.65692554207794,ethereum
2023-02-14 21:00:00,1541.97,1556.96,1506.92,1556.96,56.764449758348704,ethereum
2023-02-18 21:00:00,1674.86,1697.08,1646.14,1692.52,62.849059550452345,ethereum
2023-02-22 21:00:00,1680.38,1700.2,1643.17,1643.17,59.56276223651925,ethereum
2023-02-26 21:00:00,1651.85,1651.85,1593.95,1640.58,59.387253556462625,ethereum
2023-02-27 21:00:00,1633.98,1663.93,1606.63,1647.66,59.736517124610785,ethereum
2023-03-06 21:00:00,1570.67,1570.67,1563.23,1567.35,54.05756204006115,ethereum
2023-03-10 21:00:00,1563.81,1563.81,1429.6,1429.6,45.982786064616036,ethereum
2023-03-14 21:00:00,1474.4,1708.3,1474.4,1708.3,59.24658842306304,ethereum
2023-03-18 21:00:00,1658.07,1793.3,1658.07,1769.43,61.48075591071665,ethereum
2023-03-22 21:00:00,1801.37,1811.41,1744.44,1747.64,60.21358910020043,ethereum
2023-03-26 21:00:00,1824.96,1824.96,1751.22,1776.87,61.363974351272695,ethereum
2023-03-30 21:00:00,1719.17,1795.54,1719.17,1792.91,62.01306158300387,ethereum
2023-04-02 21:00:00,1824.02,1824.02,1797.74,1797.74,62.21889351169628,ethereum
2023-04-06 21:00:00,1810.47,1911.34,1810.47,1872.25,65.33901475421493,ethereum
2023-04-10 21:00:00,1866.66,1909.88,1851.05,1909.88,66.82892688862574,ethereum
2023-04-14 21:00:00,1892.94,2102.95,1892.94,2102.95,73.19534594689532,ethereum
2023-04-18 21:00:00,2093.17,2118.6,2077.54,2103.28,73.20481216121536,ethereum
2023-04-22 21:00:00,1936.43,1943.44,1850.15,1877.54,58.09154615555933,ethereum
2023-04-26 21:00:00,1863.64,1870.57,1842.63,1867.59,57.52778443035228,ethereum
2023-04-29 21:00:00,1910.46,1910.46,1894.43,1905.27,59.144758052490246,ethereum
2023-05-02 21:00:00,1885.39,1885.39,1832.73,1870.83,57.0084011334498,ethereum
2023-05-06 21:00:00,1903.73,1993.61,1877.4,1900.41,58.398315916266284,ethereum
2023-05-10 21:00:00,1895.23,1895.23,1842.87,1842.87,54.69405897839597,ethereum
2023-05-14 21:00:00,1798.07,1808.69,1797.2,1799.01,51.98711095839772,ethereum
2023-05-18 21:00:00,1820.04,1823.66,1802.39,1802.39,52.183514885353745,ethereum
2023-05-22 21:00:00,1812.13,1818.97,1804.93,1818.4,53.1608877955566,ethereum
2023-05-26 21:00:00,1854.19,1854.19,1800.74,1828.96,53.83121731068598,ethereum
2023-05-30 21:00:00,1830.31,1913.82,1830.31,1901.08,58.22805897798437,ethereum
2023-06-02 21:00:00,1874.69,1907.21,1861.73,1907.21,58.58905052358767,ethereum
2023-06-06 21:00:00,1892.08,1893.18,1813.68,1883.24,56.53175315057699,ethereum
2023-06-10 21:00:00,1832.32,1846.03,1754.67,1754.67,46.998869063289725,ethereum
2023-06-14 21:00:00,1751.72,1751.72,1650.68,1650.68,40.97969143051907,ethereum
2023-06-18 21:00:00,1664.98,1726.37,1664.98,1719.27,45.90112777444227,ethereum
2023-06-22 21:00:00,1734.79,1892.9,1734.79,1874.18,55.023004025857645,ethereum
2023-06-26 21:00:00,1891.35,1899.15,1859.8,1859.8,54.11089903993619,ethereum
2023-06-29 21:00:00,1890.01,1890.01,1828.46,1853.45,53.687670819811736,ethereum
2023-07-02 21:00:00,1934.05,1934.05,1924.57,1933.96,58.15635964379282,ethereum
2023-07-06 21:00:00,1953.78,1953.78,1855.47,1855.47,52.806749747615655,ethereum
2023-07-10 21:00:00,1869.32,1875.27,1864.87,1875.27,53.95734041374372,ethereum
2023-07-14 21:00:00,1875.87,2003.25,1873.51,1935.94,57.385725118400266,ethereum
2023-07-18 21:00:00,1931.39,1931.39,1897.2,1897.2,54.59050163235233,ethereum
2023-07-22 21:00:00,1889.22,1891.47,1858.31,1858.31,51.85960729518146,ethereum
2023-07-26 21:00:00,1887.83,1887.83,1850.43,1871.53,52.72536074484936,ethereum
2023-07-30 21:00:00,1858.78,1880.92,1858.78,1861.87,51.98960865393985,ethereum
2023-08-02 21:00:00,1857.28,1869.75,1838.01,1838.01,50.12890107928008,ethereum
2023-08-06 21:00:00,1835.7,1835.7,1826.71,1826.71,49.23025974251222,ethereum
2023-08-10 21:00:00,1826.93,1856.84,1826.93,1850.88,51.24358019698022,ethereum
2023-08-14 21:00:00,1847.54,1848.51,1839.51,1843.51,50.584855421433865,ethereum
2023-08-18 21:00:00,1826.91,1826.91,1660.68,1660.68,37.65371075384661,ethereum
2023-08-22 21:00:00,1669.23,1682.46,1635.19,1635.19,36.261918872338306,ethereum
2023-08-26 21:00:00,1679.12,1679.12,1679.12,1679.12,40.35382062913998,ethereum
2022-08-26 21:00:00,1.001,1.004,1.001,1.004,,tether
2022-08-30 21:00:00,1.001,1.004,0.999554,0.999554,,tether
2022-09-02 21:00:00,0.999641,1.001,0.999641,1.0,,tether
2022-09-06 21:00:00,1.001,1.001,0.997641,1.001,,tether
2022-09-10 21:00:00,1.0,1.001,1.0,1.001,,tether
2022-09-14 21:00:00,0.998714,1.001,0.998714,1.001,,tether
2022-09-18 21:00:00,1.0,1.002,0.999748,1.002,,tether
2022-09-22 21:00:00,0.999949,1.001,0.999949,1.0,,tether
2022-09-26 21:00:00,1.001,1.001,1.001,1.001,,tether
2022-09-29 21:00:00,1.001,1.002,0.999983,0.999983,,tether
2022-10-02 21:00:00,1.001,1.002,1.001,1.002,,tether
2022-10-06 21:00:00,0.999969,1.0,0.999886,1.0,,tether
2022-10-10 21:00:00,1.002,1.002,1.0,1.0,,tether
2022-10-14 21:00:00,1.0,1.001,1.0,1.001,,tether
2022-10-18 21:00:00,1.0,1.0,0.999791,0.999791,37.71812080536877,tether
2022-10-22 21:00:00,1.001,1.001,0.999757,0.999968,38.403342316622826,tether
2022-10-26 21:00:00,0.999435,1.0,0.998938,1.0,38.53500373683518,tether
2022-10-30 21:00:00,0.9998,1.0,0.999621,1.0,38.535003736835165,tether
2022-11-02 21:00:00,0.999774,1.0,0.999774,1.0,38.53500373683516,tether
2022-11-06 21:00:00,1.0,1.0,0.999736,0.999788,37.86529999917352,tether
2022-11-10 21:00:00,1.001,1.001,0.993587,1.0,39.00684516246299,tether
2022-11-14 21:00:00,1.004,1.004,0.999861,1.001,44.213259225238644,tether
2022-11-18 21:00:00,1.001,1.002,1.0,1.0,40.4910456999962,tether
2022-11-22 21:00:00,1.0,1.001,0.999045,0.999045,37.26453907563388,tether
2022-11-26 21:00:00,1.001,1.001,0.999675,0.999756,41.03193576761006,tether
2022-11-29 21:00:00,1.001,1.001,0.999991,0.999991,42.26601415153817,tether
2022-12-02 21:00:00,1.001,1.001,1.0,1.0,42.315804142487835,tether
2022-12-06 21:00:00,1.001,1.001,1.001,1.001,47.711628406340346,tether
2022-12-10 21:00:00,1.0,1.001,0.999672,0.999672,42.08199594134634,tether
2022-12-14 21:00:00,1.001,1.001,0.999343,1.0,43.84441511992128,tether
2022-12-18 21:00:00,0.998623,1.001,0.998623,1.001,48.94526443246071,tether
2022-12-22 21:00:00,0.999419,1.001,0.999419,1.001,48.94526443246071,tether
2022-12-26 21:00:00,1.0,1.001,1.0,1.0,44.28048343342869,tether
2022-12-30 21:00:00,0.999994,1.0,0.999814,1.0,44.28048343342869,tether
2023-01-02 21:00:00,1.0,1.001,1.0,1.0,44.2804834334287,tether
2023-01-06 21:00:00,1.0,1.0,1.0,1.0,44.2804834334287,tether
2023-01-10 21:00:00,1.0,1.001,1.0,1.0,44.28048343342871,tether
2023-01-14 21:00:00,1.001,1.001,1.0,1.001,51.03958657200328,tether
2023-01-18 21:00:00,1.0,1.001,1.0,1.001,51.03958657200328,tether
2023-01-22 21:00:00,1.0,1.001,1.0,1.001,51.03958657200328,tether
2023-01-26 21:00:00,1.002,1.002,0.999682,1.0,44.324123837716236,tether
2023-01-30 21:00:00,1.001,1.001,1.001,1.001,51.23400486603946,tether
2023-02-02 21:00:00,1.001,1.002,1.001,1.002,56.98342472330007,tether
2023-02-06 21:00:00,1.0,1.001,0.999998,0.999998,45.43450227715639,tether
2023-02-10 21:00:00,1.001,1.001,0.999877,0.999877,44.84295007654462,tether
2023-02-14 21:00:00,1.001,1.001,1.0,1.001,51.19418190946863,tether
2023-02-18 21:00:00,0.999834,1.005,0.999834,1.001,51.19418190946863,tether
2023-02-22 21:00:00,0.999299,1.0,0.999299,0.999478,43.34842999575064,tether
2023-02-26 21:00:00,1.001,1.001,0.999806,0.999806,45.2941987370678,tether
2023-02-27 21:00:00,1.001,1.001,0.998543,1.0,46.465386466217126,tether
2023-03-06 21:00:00,1.001,1.001,1.0,1.0,46.465386466217126,tether
2023-03-10 21:00:00,1.001,1.002,1.0,1.001,52.53962611290175,tether
2023-03-14 21:00:00,1.003,1.007,1.003,1.004,65.27057514561305,tether
2023-03-18 21:00:00,1.007,1.007,1.0,1.0,47.12096743424792,tether
2023-03-22 21:00:00,1.006,1.01,1.006,1.008,66.92815761479716,tether
2023-03-26 21:00:00,1.005,1.008,1.001,1.001,49.46775338654009,tether
2023-03-30 21:00:00,1.002,1.002,1.001,1.001,49.46775338654009,tether
2023-04-02 21:00:00,1.001,1.002,1.001,1.002,51.56142289324403,tether
2023-04-06 21:00:00,1.0,1.001,1.0,1.001,49.359049303706975,tether
2023-04-10 21:00:00,1.001,1.001,1.001,1.001,49.359049303706975,tether
2023-04-14 21:00:00,1.001,1.002,1.001,1.001,49.35904930370697,tether
2023-04-18 21:00:00,1.001,1.002,1.001,1.001,49.359049303706975,tether
2023-04-22 21:00:00,1.001,1.002,1.0,1.002,52.11040053505007,tether
2023-04-26 21:00:00,1.001,1.001,1.0,1.0,46.65128287389894,tether
2023-04-29 21:00:00,1.001,1.001,1.001,1.001,49.49996760610204,tether
2023-05-02 21:00:00,1.001,1.001,1.001,1.001,49.49996760610204,tether
2023-05-06 21:00:00,1.0,1.002,1.0,1.002,52.4449737170464,tether
2023-05-10 21:00:00,1.001,1.001,0.998774,0.999773,46.00993630650288,tether
2023-05-14 21:00:00,0.999993,1.001,0.999993,1.0,46.72746763764636,tether
2023-05-18 21:00:00,1.002,1.002,0.999302,0.999371,44.94501487352176,tether
2023-05-22 21:00:00,1.001,1.001,1.0,1.0,47.11743097286762,tether
2023-05-26 21:00:00,1.0,1.001,0.999663,1.001,50.464011175513164,tether
2023-05-30 21:00:00,1.0,1.0,1.0,1.0,47.24425919163305,tether
2023-06-02 21:00:00,1.0,1.0,1.0,1.0,47.24425919163305,tether
2023-06-06 21:00:00,1.0,1.002,1.0,1.0,47.24425919163304,tether
2023-06-10 21:00:00,0.999849,1.001,0.999803,1.001,51.137990884972325,tether
2023-06-14 21:00:00,1.001,1.001,0.999,0.999058,44.299926156044535,tether
2023-06-18 21:00:00,0.999088,0.999607,0.998907,0.999607,46.478757119777214,tether
2023-06-22 21:00:00,1.0,1.001,0.999061,1.001,51.647126138037784,tether
2023-06-26 21:00:00,1.001,1.001,0.9997,1.0,48.0592466288561,tether
2023-06-29 21:00:00,0.99982,1.0,0.999451,1.0,48.0592466288561,tether
2023-07-02 21:00:00,0.999596,1.0,0.999019,0.999019,44.5390192753064,tether
2023-07-06 21:00:00,0.999796,0.999999,0.999232,0.999999,48.59019829691824,tether
2023-07-10 21:00:00,1.0,1.0,0.999836,1.0,48.59432462321034,tether
2023-07-14 21:00:00,1.0,1.001,1.0,1.001,52.684186429450726,tether
2023-07-18 21:00:00,1.001,1.001,0.999807,1.0,48.526416365729524,tether
2023-07-22 21:00:00,1.0,1.0,0.999749,0.999749,47.512855743980005,tether
2023-07-26 21:00:00,0.999898,1.001,0.999606,1.001,52.803949287990676,tether
2023-07-30 21:00:00,0.99974,1.0,0.99974,1.0,48.58752196238727,tether
2023-08-02 21:00:00,0.999867,0.999942,0.999242,0.999242,45.61426281664957,tether
2023-08-06 21:00:00,0.99868,0.998987,0.99832,0.99832,42.22919614585876,tether
2023-08-10 21:00:00,0.998873,0.999945,0.998873,0.998899,44.990030173442676,tether
2023-08-14 21:00:00,0.998938,0.999384,0.998713,0.998713,44.25830875679183,tether
2023-08-18 21:00:00,0.998893,0.99975,0.996174,0.999381,47.55716824776123,tether
2023-08-22 21:00:00,1.0,1.0,0.999208,1.0,50.48164870128727,tether
2023-08-26 21:00:00,1.001,1.001,1.001,1.001,54.860988714828856,tether
2022-08-26 21:00:00,296.42,301.82,279.41,279.41,,binancecoin
2022-08-30 21:00:00,277.85,286.41,277.78,281.29,,binancecoin
2022-09-02 21:00:00,278.58,278.87,276.78,276.78,,binancecoin
2022-09-06 21:00:00,277.52,278.75,264.04,264.04,,binancecoin
2022-09-10 21:00:00,278.77,297.53,278.77,297.53,,binancecoin
2022-09-14 21:00:00,294.76,294.76,277.42,279.72,,binancecoin
2022-09-18 21:00:00,270.73,279.34,266.62,266.62,,binancecoin
2022-09-22 21:00:00,272.29,275.94,264.64,275.94,,binancecoin
2022-09-26 21:00:00,276.54,276.54,274.09,275.65,,binancecoin
2022-09-29 21:00:00,272.55,283.75,272.55,283.75,,binancecoin
2022-10-02 21:00:00,284.01,284.94,282.87,284.94,,binancecoin
2022-10-06 21:00:00,287.02,296.48,284.68,284.68,,binancecoin
2022-10-10 21:00:00,282.14,282.14,271.89,271.89,,binancecoin
2022-10-14 21:00:00,271.37,271.81,269.2,269.2,,binancecoin
2022-10-18 21:00:00,268.81,275.82,268.81,273.35,47.52289077828646,binancecoin
2022-10-22 21:00:00,271.63,271.63,268.97,270.44,46.33576552823593,binancecoin
2022-10-26 21:00:00,276.02,290.22,273.66,290.22,54.631681698086574,binancecoin
2022-10-30 21:00:00,287.01,313.6,287.01,313.6,62.09136609182732,binancecoin
2022-11-02 21:00:00,326.32,326.32,320.26,320.26,63.911690197952936,binancecoin
2022-11-06 21:00:00,329.58,352.95,329.58,340.89,68.89433331900543,binancecoin
2022-11-10 21:00:00,337.0,337.0,264.02,303.55,54.284934975475416,binancecoin
2022-11-14 21:00:00,291.05,291.05,276.63,278.4,47.048235634858564,binancecoin
2022-11-18 21:00:00,277.14,277.14,268.15,274.08,45.915951971407786,binancecoin
2022-11-22 21:00:00,272.36,272.36,254.4,266.36,43.88345033736576,binancecoin
2022-11-26 21:00:00,297.75,311.24,297.75,311.24,56.060512627358584,binancecoin
2022-11-29 21:00:00,307.57,307.57,293.65,296.41,52.041886663575106,binancecoin
2022-12-02 21:00:00,301.71,301.71,292.09,292.77,51.074129465720425,binancecoin
2022-12-06 21:00:00,291.02,292.55,288.59,290.19,50.359310351057765,binancecoin
2022-12-10 21:00:00,284.46,290.52,284.46,288.02,49.72889224121982,binancecoin
2022-12-14 21:00:00,284.49,284.49,268.28,268.28,44.296507835523414,binancecoin
2022-12-18 21:00:00,257.29,257.29,227.86,251.65,40.302210755245525,binancecoin
2022-12-22 21:00:00,241.19,251.68,241.19,245.95,39.00399390112096,binancecoin
2022-12-26 21:00:00,246.22,246.22,243.34,243.75,38.48866590182398,binancecoin
2022-12-30 21:00:00,246.44,246.45,244.03,245.84,39.3090307103824,binancecoin
2023-01-02 21:00:00,246.66,246.66,244.06,245.43,39.1985860988893,binancecoin
2023-01-06 21:00:00,246.21,259.8,246.21,259.8,45.0283208437256,binancecoin
2023-01-10 21:00:00,261.32,277.1,261.32,277.1,51.10633524500176,binancecoin
2023-01-14 21:00:00,285.47,305.81,285.47,305.81,59.173743795648974,binancecoin
2023-01-18 21:00:00,301.71,301.71,287.71,287.71,53.21264434078347,binancecoin
2023-01-22 21:00:00,294.75,304.95,294.75,303.17,57.180488672388165,binancecoin
2023-01-26 21:00:00,306.09,307.09,300.56,304.89,57.61119469269343,binancecoin
2023-01-30 21:00:00,308.46,317.31,305.95,307.06,58.18268822100505,binancecoin
2023-02-02 21:00:00,312.51,325.44,312.51,325.44,62.76215710168011,binancecoin
2023-02-06 21:00:00,332.28,332.28,324.97,324.97,62.57345091331553,binancecoin
2023-02-10 21:00:00,333.39,333.39,305.75,305.92,55.313979628377126,binancecoin
2023-02-14 21:00:00,310.99,313.55,293.32,296.2,51.99910776842645,binancecoin
2023-02-18 21:00:00,317.25,317.25,306.76,316.21,57.62861071290173,binancecoin
2023-02-22 21:00:00,311.35,314.94,311.08,312.46,56.2961083826438,binancecoin
2023-02-26 21:00:00,308.51,308.57,301.83,308.57,54.87856744390387,binancecoin
2023-02-27 21:00:00,304.56,304.56,299.82,299.82,51.7236394826306,binancecoin
2023-03-06 21:00:00,290.22,290.22,288.02,288.02,47.73790236806707,binancecoin
2023-03-10 21:00:00,289.25,289.25,277.03,277.03,44.31297876861348,binancecoin
2023-03-14 21:00:00,275.74,309.58,275.74,309.58,54.68313691586255,binancecoin
2023-03-18 21:00:00,307.72,339.76,307.72,333.03,60.40397342426111,binancecoin
2023-03-22 21:00:00,337.45,337.45,323.6,323.6,57.272837464447925,binancecoin
2023-03-26 21:00:00,331.25,331.25,324.08,329.15,58.631986430471706,binancecoin
2023-03-30 21:00:00,311.51,317.12,311.51,317.12,54.579254021148344,binancecoin
2023-04-02 21:00:00,317.26,317.26,314.11,314.11,53.58129642046522,binancecoin
2023-04-06 21:00:00,308.85,314.28,308.85,312.37,52.9782516541097,binancecoin
2023-04-10 21:00:00,310.83,318.23,310.66,318.23,54.82238649185034,binancecoin
2023-04-14 21:00:00,322.73,328.98,320.29,328.98,58.071040889121065,binancecoin
2023-04-18 21:00:00,333.27,347.87,333.27,343.01,61.91974049851938,binancecoin
2023-04-22 21:00:00,322.35,332.41,317.78,332.41,57.61664690292693,binancecoin
2023-04-26 21:00:00,330.68,339.1,330.44,330.44,56.82624914399881,binancecoin
2023-04-29 21:00:00,331.51,331.51,321.77,321.77,53.35706609241061,binancecoin
2023-05-02 21:00:00,337.62,337.62,322.21,322.21,53.51217463538569,binancecoin
2023-05-06 21:00:00,326.01,326.82,322.7,322.7,53.69684132469268,binancecoin
2023-05-10 21:00:00,322.31,322.31,312.13,314.58,50.142188044925206,binancecoin
2023-05-14 21:00:00,307.79,311.9,307.79,311.9,48.98949177212975,binancecoin
2023-05-18 21:00:00,313.94,313.95,309.5,309.5,47.92693439876537,binancecoin
2023-05-22 21:00:00,308.98,310.47,306.56,309.26,47.815247932362546,binancecoin
2023-05-26 21:00:00,313.46,313.46,304.69,307.15,46.783044548572455,binancecoin
2023-05-30 21:00:00,307.45,314.34,307.45,311.6,49.27031642267873,binancecoin
2023-06-02 21:00:00,307.01,307.3,304.98,307.3,46.985104109262274,binancecoin
2023-06-06 21:00:00,306.66,306.66,276.94,281.47,36.14122423979895,binancecoin
2023-06-10 21:00:00,259.23,262.17,239.27,239.27,25.703778983790073,binancecoin
2023-06-14 21:00:00,235.2,243.25,231.07,237.51,25.374642381610457,binancecoin
2023-06-18 21:00:00,236.1,244.43,236.1,244.0,28.985757823601503,binancecoin
2023-06-22 21:00:00,242.74,249.36,240.92,240.92,28.286205281731924,binancecoin
2023-06-26 21:00:00,244.3,244.3,236.17,236.17,27.196096520835994,binancecoin
2023-06-29 21:00:00,237.5,237.5,230.5,233.41,26.555694115499293,binancecoin
2023-07-02 21:00:00,240.52,247.35,240.52,245.63,33.969447249684634,binancecoin
2023-07-06 21:00:00,246.03,246.03,232.5,232.5,30.41665622655931,binancecoin
2023-07-10 21:00:00,235.34,245.44,234.14,245.44,37.36890668413758,binancecoin
2023-07-14 21:00:00,248.4,255.79,244.27,247.7,38.52417621137977,binancecoin
2023-07-18 21:00:00,251.09,251.09,240.27,240.27,36.16251799568181,binancecoin
2023-07-22 21:00:00,241.33,243.77,240.54,240.54,36.315302184001396,binancecoin
2023-07-26 21:00:00,242.38,242.38,237.73,239.02,35.7959039082119,binancecoin
2023-07-30 21:00:00,240.42,242.56,240.42,242.54,38.00714569579232,binancecoin
2023-08-02 21:00:00,241.19,247.43,240.38,240.38,37.16135898780711,binancecoin
2023-08-06 21:00:00,241.14,242.88,241.14,242.57,38.651993265045704,binancecoin
2023-08-10 21:00:00,241.74,245.18,241.23,241.23,38.057118442486356,binancecoin
2023-08-14 21:00:00,239.6,240.36,239.6,240.36,37.651945669203485,binancecoin
2023-08-18 21:00:00,236.61,236.61,215.97,215.97,28.49341048871669,binancecoin
2023-08-22 21:00:00,217.08,217.08,210.59,210.84,27.005486166747176,binancecoin
2023-08-26 21:00:00,216.47,216.47,216.47,216.47,31.24868267707393,binancecoin
2022-08-26 21:00:00,0.346793,0.350098,0.339201,0.339201,,ripple
2022-08-30 21:00:00,0.337102,0.337102,0.325093,0.327558,,ripple
2022-09-02 21:00:00,0.328043,0.33371,0.328043,0.331388,,ripple
2022-09-06 21:00:00,0.330169,0.333174,0.322883,0.322883,,ripple
2022-09-10 21:00:00,0.337813,0.357632,0.337813,0.357632,,ripple
2022-09-14 21:00:00,0.354473,0.35859,0.333134,0.342298,,ripple
2022-09-18 21:00:00,0.326976,0.375535,0.326976,0.360112,,ripple
2022-09-22 21:00:00,0.3884,0.48706,0.3884,0.48706,,ripple
2022-09-26 21:00:00,0.505547,0.505547,0.467585,0.467585,,ripple
2022-09-29 21:00:00,0.449739,0.485497,0.449739,0.485497,,ripple
2022-10-02 21:00:00,0.480186,0.480186,0.450256,0.450256,,ripple
2022-10-06 21:00:00,0.462617,0.493551,0.462617,0.493551,,ripple
2022-10-10 21:00:00,0.516033,0.534229,0.497324,0.497324,,ripple
2022-10-14 21:00:00,0.485334,0.48872,0.480833,0.48872,,ripple
2022-10-18 21:00:00,0.482027,0.482027,0.466841,0.466841,67.29529921247038,ripple
2022-10-22 21:00:00,0.451083,0.465676,0.447586,0.465676,67.06726893780113,ripple
2022-10-26 21:00:00,0.469278,0.469278,0.452716,0.469048,67.41147523147254,ripple
2022-10-30 21:00:00,0.462341,0.472878,0.457505,0.457505,64.9104310394961,ripple
2022-11-02 21:00:00,0.465017,0.465017,0.451383,0.451383,63.56347178912983,ripple
2022-11-06 21:00:00,0.455103,0.502058,0.455103,0.470863,65.98240501990841,ripple
2022-11-10 21:00:00,0.466075,0.466075,0.331704,0.398967,52.20670605892691,ripple
2022-11-14 21:00:00,0.389626,0.389626,0.341707,0.377545,48.928845741407976,ripple
2022-11-18 21:00:00,0.390636,0.390636,0.378098,0.384626,50.04534735813714,ripple
2022-11-22 21:00:00,0.38669,0.38669,0.364375,0.376558,48.737952004196174,ripple
2022-11-26 21:00:00,0.383306,0.410613,0.383306,0.398699,52.412093320747694,ripple
2022-11-29 21:00:00,0.399019,0.399796,0.39159,0.399796,52.59339126153601,ripple
2022-12-02 21:00:00,0.411192,0.411192,0.398586,0.398616,52.362304490104655,ripple
2022-12-06 21:00:00,0.389865,0.392702,0.389865,0.392378,51.08445208195293,ripple
2022-12-10 21:00:00,0.384478,0.394916,0.384478,0.38776,50.109517652156555,ripple
2022-12-14 21:00:00,0.382866,0.395014,0.382866,0.386704,49.87511353342076,ripple
2022-12-18 21:00:00,0.377909,0.377909,0.35071,0.35071,42.56608580057122,ripple
2022-12-22 21:00:00,0.339214,0.350078,0.339214,0.350078,42.44845818806713,ripple
2022-12-26 21:00:00,0.355158,0.366143,0.346986,0.366143,46.495903035633596,ripple
2022-12-30 21:00:00,0.367886,0.367886,0.343259,0.345433,42.36005524866698,ripple
2023-01-02 21:00:00,0.340086,0.34857,0.339066,0.34857,43.18445179670489,ripple
2023-01-06 21:00:00,0.343818,0.348149,0.338418,0.34512,42.46511191122914,ripple
2023-01-10 21:00:00,0.344753,0.351625,0.344753,0.351625,44.347479590915114,ripple
2023-01-14 21:00:00,0.375168,0.39578,0.375168,0.39578,55.08854939402105,ripple
2023-01-18 21:00:00,0.38466,0.388346,0.379768,0.379768,51.2274100384699,ripple
2023-01-22 21:00:00,0.394196,0.4136,0.394196,0.402307,55.911772814687616,ripple
2023-01-26 21:00:00,0.426669,0.426669,0.408773,0.411116,57.62479567201109,ripple
2023-01-30 21:00:00,0.414002,0.414971,0.396334,0.396334,53.84411467951233,ripple
2023-02-02 21:00:00,0.407367,0.414853,0.407367,0.41121,56.90814777795231,ripple
2023-02-06 21:00:00,0.412411,0.412411,0.393766,0.393766,52.50641825888254,ripple
2023-02-10 21:00:00,0.404885,0.404885,0.383214,0.383554,50.06505175037227,ripple
2023-02-14 21:00:00,0.385275,0.385275,0.372055,0.383228,49.98515059286224,ripple
2023-02-18 21:00:00,0.401362,0.401362,0.386923,0.394393,52.76552513645503,ripple
2023-02-22 21:00:00,0.385606,0.397675,0.385606,0.395359,53.00892637739168,ripple
2023-02-26 21:00:00,0.389572,0.389572,0.378009,0.378009,48.20433126581284,ripple
2023-02-27 21:00:00,0.379337,0.384212,0.377828,0.377828,48.15529520043268,ripple
2023-03-06 21:00:00,0.379773,0.379773,0.368702,0.37095,46.23074720652432,ripple
2023-03-10 21:00:00,0.380919,0.389546,0.371984,0.371984,46.57641646911561,ripple
2023-03-14 21:00:00,0.366037,0.374893,0.366037,0.374893,47.597097330638086,ripple
2023-03-18 21:00:00,0.36204,0.380984,0.36204,0.376413,48.15447908457339,ripple
2023-03-22 21:00:00,0.389287,0.470749,0.377235,0.425218,62.09547676620771,ripple
2023-03-26 21:00:00,0.44822,0.450798,0.4268,0.450798,67.09037308550774,ripple
2023-03-30 21:00:00,0.480489,0.545396,0.480489,0.537231,77.7564260830394,ripple
2023-04-02 21:00:00,0.538909,0.538909,0.510864,0.520639,72.87377299203287,ripple
2023-04-06 21:00:00,0.497623,0.506489,0.497623,0.503391,68.08735389762796,ripple
2023-04-10 21:00:00,0.514189,0.518237,0.505905,0.518237,69.91878361429289,ripple
2023-04-14 21:00:00,0.517487,0.523743,0.505475,0.523743,70.59283352419342,ripple
2023-04-18 21:00:00,0.520806,0.531374,0.511424,0.531374,71.5445170511654,ripple
2023-04-22 21:00:00,0.49094,0.49094,0.449778,0.474017,56.693334647866216,ripple
2023-04-26 21:00:00,0.465374,0.470112,0.461374,0.461767,54.10990981418752,ripple
2023-04-29 21:00:00,0.467124,0.480183,0.467124,0.477759,56.87281699378478,ripple
2023-05-02 21:00:00,0.473067,0.473067,0.465035,0.465035,54.08276782974569,ripple
2023-05-06 21:00:00,0.463365,0.467826,0.460065,0.460065,52.9892834722595,ripple
2023-05-10 21:00:00,0.452959,0.452959,0.429675,0.432245,47.232498537267745,ripple
2023-05-14 21:00:00,0.422956,0.431633,0.422956,0.426351,46.090049536093595,ripple
2023-05-18 21:00:00,0.428405,0.460764,0.428405,0.460764,53.20671460712693,ripple
2023-05-22 21:00:00,0.468877,0.469594,0.458641,0.462352,53.511689442225205,ripple
2023-05-26 21:00:00,0.466039,0.469745,0.454115,0.469745,54.98269676019663,ripple
2023-05-30 21:00:00,0.472216,0.522319,0.472216,0.522319,63.763794016817116,ripple
2023-06-02 21:00:00,0.519347,0.525913,0.50846,0.525913,64.27678715821898,ripple
2023-06-06 21:00:00,0.519972,0.537624,0.512256,0.531714,65.13475505099429,ripple
2023-06-10 21:00:00,0.520862,0.538716,0.510823,0.510823,59.58471124869566,ripple
2023-06-14 21:00:00,0.523466,0.527292,0.481985,0.481985,52.885675790695885,ripple
2023-06-18 21:00:00,0.48187,0.488737,0.47743,0.488737,54.184475200357525,ripple
2023-06-22 21:00:00,0.493941,0.500997,0.492273,0.495266,55.46299953644369,ripple
2023-06-26 21:00:00,0.496133,0.496133,0.47915,0.47915,51.63283378854528,ripple
2023-06-29 21:00:00,0.48437,0.48437,0.464818,0.474588,50.5682620122768,ripple
2023-07-02 21:00:00,0.473648,0.483826,0.473316,0.483826,52.69523154112842,ripple
2023-07-06 21:00:00,0.489516,0.489516,0.464409,0.464409,48.01839801669402,ripple
2023-07-10 21:00:00,0.468364,0.477317,0.468192,0.477317,51.123945970447494,ripple
2023-07-14 21:00:00,0.475463,0.812509,0.471376,0.719679,77.86443780852727,ripple
2023-07-18 21:00:00,0.713256,0.781263,0.713256,0.781263,80.74689048214081,ripple
2023-07-22 21:00:00,0.821237,0.821237,0.731402,0.731402,72.51367778142209,ripple
2023-07-26 21:00:00,0.737991,0.737991,0.703525,0.715877,70.11639954111105,ripple
2023-07-30 21:00:00,0.713436,0.713436,0.704911,0.704911,68.3963816898191,ripple
2023-08-02 21:00:00,0.69903,0.707216,0.68474,0.68474,65.22679066112428,ripple
2023-08-06 21:00:00,0.66421,0.66421,0.622153,0.622153,56.480742091455035,ripple
2023-08-10 21:00:00,0.620838,0.643605,0.620838,0.633214,57.56371641022491,ripple
2023-08-14 21:00:00,0.631618,0.634681,0.625689,0.634681,57.71401452669333,ripple
2023-08-18 21:00:00,0.60933,0.60933,0.504536,0.505539,43.206641404931915,ripple
2023-08-22 21:00:00,0.519734,0.539032,0.519734,0.520924,44.98097415688378,ripple
2023-08-26 21:00:00,0.529919,0.529919,0.529919,0.529919,46.04237323711901,ripple
2022-08-26 21:00:00,0.054902,0.054902,0.04972547,0.04972547,,gala
2022-08-30 21:00:00,0.050948,0.052405,0.04974827,0.050675,,gala
2022-09-02 21:00:00,0.050317,0.050562,0.04979712,0.04979712,,gala
2022-09-06 21:00:00,0.050442,0.051587,0.0474131,0.0474131,,gala
2022-09-10 21:00:00,0.04879451,0.052203,0.04879451,0.052203,,gala
2022-09-14 21:00:00,0.051967,0.051967,0.04793699,0.04881506,,gala
2022-09-18 21:00:00,0.04720937,0.0491307,0.0421595,0.0421595,,gala
2022-09-22 21:00:00,0.0434794,0.0434794,0.04053533,0.04251069,,gala
2022-09-26 21:00:00,0.04207447,0.04207447,0.0406078,0.04080472,,gala
2022-09-29 21:00:00,0.04034007,0.04087232,0.0402656,0.04087232,,gala
2022-10-02 21:00:00,0.04063031,0.04063031,0.03955728,0.03955728,,gala
2022-10-06 21:00:00,0.0405737,0.04143413,0.0405737,0.04083252,,gala
2022-10-10 21:00:00,0.04037241,0.04226886,0.04010273,0.04010273,,gala
2022-10-14 21:00:00,0.03947791,0.03947791,0.03672225,0.03672225,,gala
2022-10-18 21:00:00,0.03664255,0.03717459,0.035694,0.035694,25.722747876265743,gala
2022-10-22 21:00:00,0.03295302,0.0333835,0.03288453,0.0333835,23.683530809685735,gala
2022-10-26 21:00:00,0.03399277,0.03499394,0.03304638,0.03499394,27.969842233479895,gala
2022-10-30 21:00:00,0.03460128,0.04401225,0.03460128,0.04401225,46.19443845181069,gala
2022-11-02 21:00:00,0.04206439,0.04206439,0.03839177,0.03839177,39.48866429040321,gala
2022-11-06 21:00:00,0.03344264,0.03852191,0.03344264,0.0359461,36.97354029263141,gala
2022-11-10 21:00:00,0.03616804,0.03616804,0.02554161,0.03172773,33.062001874745235,gala
2022-11-14 21:00:00,0.03218456,0.03218456,0.02946626,0.02959332,31.259967991979593,gala
2022-11-18 21:00:00,0.02932194,0.02932194,0.02739944,0.02756103,29.605354401036124,gala
2022-11-22 21:00:00,0.02761936,0.02761936,0.02482771,0.0254562,27.9549771517176,gala
2022-11-26 21:00:00,0.02604678,0.02604678,0.02507849,0.02514274,27.707259856581544,gala
2022-11-29 21:00:00,0.02530725,0.02530725,0.0247919,0.02523336,27.906153999481447,gala
2022-12-02 21:00:00,0.02607164,0.02607164,0.0252914,0.02561624,28.797499061253944,gala
2022-12-06 21:00:00,0.0249793,0.02711368,0.0249793,0.02711368,32.3217607717104,gala
2022-12-10 21:00:00,0.02564322,0.02645777,0.02559354,0.02559354,30.662555601351386,gala
2022-12-14 21:00:00,0.02526044,0.02526044,0.02446467,0.02446467,29.453391034193814,gala
2022-12-18 21:00:00,0.02403907,0.02403907,0.02033474,0.0204851,25.618080375388942,gala
2022-12-22 21:00:00,0.01849181,0.01953683,0.01849181,0.01899657,24.341302957403414,gala
2022-12-26 21:00:00,0.01900596,0.01900596,0.01835472,0.01835472,23.79070256897687,gala
2022-12-30 21:00:00,0.01786385,0.01786385,0.01619296,0.01651479,22.237824258990685,gala
2023-01-02 21:00:00,0.01668892,0.01771476,0.01668892,0.01771476,25.646497407637256,gala
2023-01-06 21:00:00,0.01763887,0.0233651,0.01763887,0.0233651,39.168330431012336,gala
2023-01-10 21:00:00,0.02332435,0.04153283,0.02332435,0.04153283,62.673459695694895,gala
2023-01-14 21:00:00,0.03843985,0.050865,0.03843985,0.04988219,68.66571027207216,gala
2023-01-18 21:00:00,0.04901463,0.050171,0.04479728,0.04479728,62.12461186329162,gala
2023-01-22 21:00:00,0.04561403,0.04909063,0.04561403,0.0487117,64.8968213484558,gala
2023-01-26 21:00:00,0.053288,0.053288,0.04775358,0.04883939,64.98684866445093,gala
2023-01-30 21:00:00,0.053036,0.059356,0.053036,0.053499,68.19262388510926,gala
2023-02-02 21:00:00,0.054355,0.057048,0.054207,0.054207,68.66212836064284,gala
2023-02-06 21:00:00,0.056179,0.056179,0.051909,0.051909,65.29327730586883,gala
2023-02-10 21:00:00,0.055923,0.055923,0.04423907,0.04435483,55.630557731857614,gala
2023-02-14 21:00:00,0.04578577,0.04578577,0.04217803,0.04431834,55.58776382822883,gala
2023-02-18 21:00:00,0.04956992,0.04956992,0.04605216,0.04782369,58.86160804217751,gala
2023-02-22 21:00:00,0.04722136,0.0481056,0.04519443,0.04519443,55.55368734473738,gala
2023-02-26 21:00:00,0.04420322,0.04420322,0.04026803,0.041188,50.86302807323825,gala
2023-02-27 21:00:00,0.04074852,0.04157975,0.03955843,0.03999835,49.525819955548194,gala
2023-03-06 21:00:00,0.03745877,0.0390453,0.03505295,0.0390453,48.42739829031406,gala
2023-03-10 21:00:00,0.03703888,0.03703888,0.03235465,0.03284535,41.91469995653788,gala
2023-03-14 21:00:00,0.03140151,0.04319375,0.03140151,0.04319375,53.22246677246034,gala
2023-03-18 21:00:00,0.03810196,0.04598266,0.03810196,0.04598266,55.72410187425789,gala
2023-03-22 21:00:00,0.04683704,0.04683704,0.04085718,0.04085718,50.39050615070829,gala
2023-03-26 21:00:00,0.042706,0.042706,0.03856042,0.0400243,49.56037976992851,gala
2023-03-30 21:00:00,0.03769055,0.04190028,0.03769055,0.04076085,50.339511631927884,gala
2023-04-02 21:00:00,0.04147374,0.04150628,0.04067575,0.04067575,50.24294518421787,gala
2023-04-06 21:00:00,0.04008454,0.04150998,0.04008454,0.04031453,49.806200545637815,gala
2023-04-10 21:00:00,0.03998419,0.04151328,0.03964189,0.04151328,51.318568101996526,gala
2023-04-14 21:00:00,0.0416889,0.04378224,0.0416889,0.04335032,53.62462182801242,gala
2023-04-18 21:00:00,0.04296055,0.04724039,0.04296055,0.04724039,58.14595960557792,gala
2023-04-22 21:00:00,0.04330126,0.04330126,0.03961714,0.04112068,49.903308164128475,gala
2023-04-26 21:00:00,0.04029842,0.04029842,0.03845018,0.03845018,46.78647105942092,gala
2023-04-29 21:00:00,0.03947336,0.03947336,0.03903573,0.03940612,48.03758491020554,gala
2023-05-02 21:00:00,0.03855647,0.03855647,0.03730227,0.03755727,45.79500164610527,gala
2023-05-06 21:00:00,0.03723644,0.03723644,0.03240435,0.03240435,40.16678405931482,gala
2023-05-10 21:00:00,0.03201591,0.03201591,0.02841741,0.03162003,39.37358474600226,gala
2023-05-14 21:00:00,0.02866815,0.03050904,0.02866815,0.03050904,38.222169062077015,gala
2023-05-18 21:00:00,0.03035469,0.03264178,0.03035469,0.03184873,40.482393122774276,gala
2023-05-22 21:00:00,0.0311659,0.0311659,0.02953614,0.03002516,38.42176800216798,gala
2023-05-26 21:00:00,0.03068825,0.03068825,0.02977081,0.03019724,38.73866048882167,gala
2023-05-30 21:00:00,0.03022411,0.031325,0.0300169,0.0300169,38.514963279402664,gala
2023-06-02 21:00:00,0.02948998,0.03024087,0.02948998,0.03024087,38.98618641595011,gala
2023-06-06 21:00:00,0.0301165,0.0301165,0.02651055,0.02762724,35.561101713362575,gala
2023-06-10 21:00:00,0.0258638,0.02604518,0.0212222,0.0212222,28.867846667226615,gala
2023-06-14 21:00:00,0.02157278,0.02212075,0.02122365,0.02122365,28.87111058368245,gala
2023-06-18 21:00:00,0.02210728,0.0233662,0.02210728,0.02295551,32.8352071056413,gala
2023-06-22 21:00:00,0.02320315,0.02560174,0.02320315,0.02491024,37.0964108404788,gala
2023-06-26 21:00:00,0.02614412,0.02681215,0.02559808,0.02559808,38.57325096457585,gala
2023-06-29 21:00:00,0.02561827,0.02561827,0.02338648,0.02414389,36.61599636351232,gala
2023-07-02 21:00:00,0.02459121,0.02540071,0.02459121,0.02513595,38.89395950168465,gala
2023-07-06 21:00:00,0.02575033,0.02575033,0.02347794,0.02347794,36.53096833402736,gala
2023-07-10 21:00:00,0.02408759,0.02429949,0.02402149,0.02429949,38.524012807887125,gala
2023-07-14 21:00:00,0.02467834,0.0261665,0.0241449,0.02526732,40.879303013808766,gala
2023-07-18 21:00:00,0.02571818,0.02790392,0.02493087,0.02626187,43.28398074303209,gala
2023-07-22 21:00:00,0.02576258,0.02678657,0.02576258,0.02608343,42.94646422943969,gala
2023-07-26 21:00:00,0.02658371,0.02658371,0.0234252,0.0234252,38.17128540609785,gala
2023-07-30 21:00:00,0.02365123,0.02365123,0.0231729,0.0231729,37.74234155655398,gala
2023-08-02 21:00:00,0.02300677,0.02350985,0.02300677,0.02322737,37.90457786362699,gala
2023-08-06 21:00:00,0.02281381,0.02440386,0.02223506,0.02347485,38.686349409943226,gala
2023-08-10 21:00:00,0.02309293,0.02351952,0.02279575,0.02279575,37.29866142394012,gala
2023-08-14 21:00:00,0.02289413,0.02314849,0.02289413,0.02314849,38.53201812122043,gala
2023-08-18 21:00:00,0.02159254,0.02159254,0.01911204,0.01965136,31.844206073984935,gala
2023-08-22 21:00:00,0.02009148,0.02009148,0.01933121,0.01933121,31.308470399956036,gala
2023-08-26 21:00:00,0.01986463,0.01986463,0.01986463,0.01986463,33.321303269255324,gala
2022-08-26 21:00:00,1.0,1.004,1.0,1.004,,true-usd
2022-08-30 21:00:00,1.0,1.003,1.0,1.0,,true-usd
2022-09-02 21:00:00,0.998822,1.002,0.998822,1.001,,true-usd
2022-09-06 21:00:00,1.0,1.002,0.997996,1.002,,true-usd
2022-09-10 21:00:00,0.99939,1.001,0.99939,1.001,,true-usd
2022-09-14 21:00:00,0.997581,1.001,0.997581,1.001,,true-usd
2022-09-18 21:00:00,0.99864,1.002,0.998123,1.002,,true-usd
2022-09-22 21:00:00,0.999652,1.001,0.999082,1.001,,true-usd
2022-09-26 21:00:00,1.001,1.001,0.999121,0.999121,,true-usd
2022-09-29 21:00:00,1.0,1.002,0.998829,0.998829,,true-usd
2022-10-02 21:00:00,1.001,1.001,1.001,1.001,,true-usd
2022-10-06 21:00:00,0.998662,1.001,0.998662,1.0,,true-usd
2022-10-10 21:00:00,1.003,1.003,0.999196,0.999714,,true-usd
2022-10-14 21:00:00,1.0,1.001,0.999547,1.001,,true-usd
2022-10-18 21:00:00,0.999743,1.0,0.998762,0.998762,35.571837814014955,true-usd
2022-10-22 21:00:00,0.999465,0.999555,0.998175,0.999555,38.46679995790779,true-usd
2022-10-26 21:00:00,0.999563,1.0,0.998979,1.0,40.093518677365594,true-usd
2022-10-30 21:00:00,0.998758,1.0,0.998758,1.0,40.0935186773656,true-usd
2022-11-02 21:00:00,0.999487,1.0,0.999487,1.0,40.093518677365594,true-usd
2022-11-06 21:00:00,0.999866,1.0,0.999866,1.0,40.0935186773656,true-usd
2022-11-10 21:00:00,0.999277,1.003,0.993495,1.003,51.677381374607656,true-usd
2022-11-14 21:00:00,1.001,1.003,0.995841,1.003,51.677381374607656,true-usd
2022-11-18 21:00:00,1.003,1.003,1.001,1.001,44.95617742523907,true-usd
2022-11-22 21:00:00,1.005,1.005,1.001,1.001,44.956177425239076,true-usd
2022-11-26 21:00:00,1.002,1.002,0.999086,0.999086,39.28521221293426,true-usd
2022-11-29 21:00:00,1.001,1.001,0.998692,1.001,46.546717675948365,true-usd
2022-12-02 21:00:00,1.0,1.0,1.0,1.0,43.611907480971745,true-usd
2022-12-06 21:00:00,1.001,1.001,1.0,1.001,47.19726183584048,true-usd
2022-12-10 21:00:00,1.001,1.001,0.999856,1.001,47.19726183584048,true-usd
2022-12-14 21:00:00,1.0,1.0,0.998433,1.0,43.955874207818475,true-usd
2022-12-18 21:00:00,0.998405,1.002,0.998405,1.0,43.955874207818475,true-usd
2022-12-22 21:00:00,1.0,1.001,1.0,1.0,43.955874207818475,true-usd
2022-12-26 21:00:00,1.001,1.001,0.998259,1.001,48.38336723926478,true-usd
2022-12-30 21:00:00,1.0,1.001,1.0,1.001,48.38336723926478,true-usd
2023-01-02 21:00:00,1.004,1.004,1.001,1.001,48.383367239264786,true-usd
2023-01-06 21:00:00,1.001,1.001,1.0,1.0,44.03815537526413,true-usd
2023-01-10 21:00:00,1.001,1.001,1.0,1.0,44.03815537526413,true-usd
2023-01-14 21:00:00,1.001,1.001,1.0,1.0,44.03815537526413,true-usd
2023-01-18 21:00:00,0.999618,1.001,0.999618,1.001,49.6822014337945,true-usd
2023-01-22 21:00:00,1.0,1.002,0.999452,1.002,54.611949656529575,true-usd
2023-01-26 21:00:00,1.003,1.003,1.0,1.001,49.39984229720854,true-usd
2023-01-30 21:00:00,1.001,1.002,1.001,1.002,54.11583562351949,true-usd
2023-02-02 21:00:00,0.999638,1.003,0.999638,1.003,58.30116740624703,true-usd
2023-02-06 21:00:00,0.999461,1.002,0.999461,0.999796,44.34444406084712,true-usd
2023-02-10 21:00:00,1.001,1.001,0.999393,0.999393,42.95166122374726,true-usd
2023-02-14 21:00:00,1.001,1.001,0.999577,1.0,45.71716975989619,true-usd
2023-02-18 21:00:00,0.999825,1.004,0.999825,1.001,50.01607934957677,true-usd
2023-02-22 21:00:00,1.001,1.001,0.998731,0.998731,41.906530188141595,true-usd
2023-02-26 21:00:00,1.001,1.001,0.99871,1.0,47.07497569076279,true-usd
2023-02-27 21:00:00,1.0,1.0,0.998523,1.0,47.074975690762784,true-usd
2023-03-06 21:00:00,0.999737,1.002,0.999667,1.0,47.074975690762784,true-usd
2023-03-10 21:00:00,1.001,1.001,0.997969,0.997969,39.967130719608015,true-usd
2023-03-14 21:00:00,0.993851,1.006,0.993851,1.003,57.204614274897494,true-usd
2023-03-18 21:00:00,1.006,1.006,1.004,1.006,63.86713772074123,true-usd
2023-03-22 21:00:00,1.001,1.009,1.001,1.006,63.86713772074124,true-usd
2023-03-26 21:00:00,1.006,1.007,0.999637,0.999637,46.18152500304116,true-usd
2023-03-30 21:00:00,1.003,1.003,0.999899,1.001,49.412995791052275,true-usd
2023-04-02 21:00:00,1.001,1.001,1.001,1.001,49.412995791052275,true-usd
2023-04-06 21:00:00,1.0,1.004,1.0,1.0,47.01115993076371,true-usd
2023-04-10 21:00:00,0.999939,1.0,0.998908,0.998908,44.46919956995587,true-usd
2023-04-14 21:00:00,1.001,1.001,0.998913,1.0,47.52486668914549,true-usd
2023-04-18 21:00:00,1.0,1.001,0.999272,1.001,50.225945000968174,true-usd
2023-04-22 21:00:00,1.004,1.004,0.999552,1.001,50.225945000968174,true-usd
2023-04-26 21:00:00,0.998406,0.99918,0.998406,0.998855,44.52456516721556,true-usd
2023-04-29 21:00:00,0.99982,0.999947,0.999679,0.999679,47.01288790074176,true-usd
2023-05-02 21:00:00,1.008,1.008,0.999396,0.999396,46.24566609342503,true-usd
2023-05-06 21:00:00,0.998463,1.001,0.998463,1.001,51.11512932821516,true-usd
2023-05-10 21:00:00,0.995304,1.001,0.995304,0.999519,46.891399067663315,true-usd
2023-05-14 21:00:00,1.001,1.001,0.998347,0.99992,48.140925564502766,true-usd
2023-05-18 21:00:00,1.001,1.001,0.999675,0.999807,47.79963526363531,true-usd
2023-05-22 21:00:00,0.999792,1.0,0.99928,1.0,48.471559120780285,true-usd
2023-05-26 21:00:00,0.99932,0.999977,0.999259,0.999977,48.39161769778058,true-usd
2023-05-30 21:00:00,0.999458,1.0,0.999104,0.999104,45.33533972821275,true-usd
2023-06-02 21:00:00,1.001,1.001,0.999568,0.999568,47.242534528532616,true-usd
2023-06-06 21:00:00,1.0,1.0,0.997507,0.99943,46.72044954411068,true-usd
2023-06-10 21:00:00,0.999613,0.999613,0.99576,0.99576,35.48826083531398,true-usd
2023-06-14 21:00:00,0.998581,1.002,0.998581,1.002,55.20673502978952,true-usd
2023-06-18 21:00:00,1.002,1.002,1.002,1.002,55.20673502978951,true-usd
2023-06-22 21:00:00,1.003,1.004,0.999967,0.999967,49.49087194465637,true-usd
2023-06-26 21:00:00,0.999705,0.999765,0.998979,0.999495,48.24203797482395,true-usd
2023-06-29 21:00:00,0.998716,0.999672,0.998336,0.998336,45.22432576740374,true-usd
2023-07-02 21:00:00,0.999334,0.999334,0.998572,0.998572,45.96552735549295,true-usd
2023-07-06 21:00:00,1.0,1.0,0.999276,0.999941,50.17718444686052,true-usd
2023-07-10 21:00:00,0.999629,1.001,0.999629,0.999951,50.20771434705892,true-usd
2023-07-14 21:00:00,0.999853,1.001,0.999152,0.999472,48.66930311294899,true-usd
2023-07-18 21:00:00,1.0,1.0,0.999351,0.999351,48.26696927339206,true-usd
2023-07-22 21:00:00,1.001,1.001,0.999622,0.999854,50.113193459569175,true-usd
2023-07-26 21:00:00,0.999998,0.999998,0.998405,0.999868,50.166500262476944,true-usd
2023-07-30 21:00:00,0.998451,0.999023,0.998451,0.99865,45.601125532551784,true-usd
2023-08-02 21:00:00,0.997942,1.002,0.997942,0.999796,50.19382307755776,true-usd
2023-08-06 21:00:00,0.999487,1.0,0.998733,0.998733,46.289931065777466,true-usd
2023-08-10 21:00:00,1.0,1.0,0.998915,0.998915,47.049281394901115,true-usd
2023-08-14 21:00:00,0.999301,0.999462,0.99838,0.99838,45.03374067871444,true-usd
2023-08-18 21:00:00,0.999126,1.001,0.993847,0.999702,50.65860860844011,true-usd
2023-08-22 21:00:00,0.999877,1.001,0.999001,1.001,55.47626335382281,true-usd
2023-08-26 21:00:00,0.99945,0.99945,0.99945,0.99945,49.2875141303167,true-usd
2023-05-02 21:00:00,1.4,1.4,1.4,1.4,,sui
2023-05-06 21:00:00,1.4,1.4,1.31,1.34,,sui
2023-05-10 21:00:00,1.28,1.28,1.15,1.18,,sui
2023-05-14 21:00:00,1.079,1.16,1.079,1.16,,sui
2023-05-18 21:00:00,1.21,1.21,1.14,1.14,,sui
2023-05-22 21:00:00,1.13,1.13,1.059,1.059,,sui
2023-05-26 21:00:00,1.057,1.057,0.985954,0.994559,,sui
2023-05-30 21:00:00,1.003,1.064,1.003,1.005,,sui
2023-06-02 21:00:00,0.978225,0.978225,0.946091,0.949042,,sui
2023-06-06 21:00:00,0.934948,0.963233,0.818785,0.838526,,sui
2023-06-10 21:00:00,0.763229,0.763229,0.61751,0.61751,,sui
2023-06-14 21:00:00,0.609278,0.706591,0.609278,0.660437,,sui
2023-06-18 21:00:00,0.656647,0.753242,0.656647,0.717268,,sui
2023-06-22 21:00:00,0.78366,0.833767,0.78366,0.808504,,sui
2023-06-26 21:00:00,0.797124,0.797124,0.723542,0.723542,18.6630014231077,sui
2023-06-29 21:00:00,0.720488,0.720488,0.664873,0.680356,17.89203756142102,sui
2023-07-02 21:00:00,0.690659,0.690659,0.688095,0.689944,18.69508108052183,sui
2023-07-06 21:00:00,0.697396,0.697396,0.651706,0.651706,17.94144271967538,sui
2023-07-10 21:00:00,0.660091,0.660091,0.652049,0.654975,18.244870325335114,sui
2023-07-14 21:00:00,0.655341,0.698813,0.655341,0.680592,20.718866892212418,sui
2023-07-18 21:00:00,0.682342,0.739874,0.672587,0.739874,26.27863539194179,sui
2023-07-22 21:00:00,0.710279,0.710279,0.684253,0.691083,24.740825661109312,sui
2023-07-26 21:00:00,0.679475,0.679475,0.634166,0.634166,23.046518708826596,sui
2023-07-30 21:00:00,0.630214,0.639488,0.621355,0.621355,22.67019730741849,sui
2023-08-02 21:00:00,0.632745,0.646321,0.612989,0.612989,22.412820382260435,sui
2023-08-06 21:00:00,0.592945,0.592945,0.590853,0.590853,21.710476767930885,sui
2023-08-10 21:00:00,0.582025,0.604018,0.582025,0.604018,23.25087482464454,sui
2023-08-14 21:00:00,0.604815,0.607752,0.597759,0.599196,23.071813385758148,sui
2023-08-18 21:00:00,0.562996,0.562996,0.473591,0.484422,19.26813749689255,sui
2023-08-22 21:00:00,0.555757,0.555757,0.514269,0.537353,25.378110349426095,sui
2023-08-26 21:00:00,0.602114,0.602114,0.602114,0.602114,32.14464862958283,sui
2022-08-26 21:00:00,0.998052,1.001,0.998052,1.001,,binance-usd
2022-08-30 21:00:00,1.001,1.003,0.998534,0.998534,,binance-usd
2022-09-02 21:00:00,1.001,1.001,0.999826,0.999826,,binance-usd
2022-09-06 21:00:00,1.0,1.001,1.0,1.0,,binance-usd
2022-09-10 21:00:00,0.998997,1.0,0.998997,0.999242,,binance-usd
2022-09-14 21:00:00,1.001,1.001,1.0,1.001,,binance-usd
2022-09-18 21:00:00,1.0,1.001,0.999644,0.999644,,binance-usd
2022-09-22 21:00:00,0.999746,1.001,0.999746,1.001,,binance-usd
2022-09-26 21:00:00,0.998614,1.002,0.998614,1.001,,binance-usd
2022-09-29 21:00:00,1.001,1.001,0.999558,1.001,,binance-usd
2022-10-02 21:00:00,1.002,1.004,1.001,1.004,,binance-usd
2022-10-06 21:00:00,0.999418,1.001,0.999418,0.999969,,binance-usd
2022-10-10 21:00:00,1.002,1.002,0.99884,0.99884,,binance-usd
2022-10-14 21:00:00,1.001,1.001,0.999483,1.001,,binance-usd
2022-10-18 21:00:00,1.001,1.001,1.0,1.0,47.55859375000023,binance-usd
2022-10-22 21:00:00,1.0,1.0,0.999711,1.0,47.55859375000023,binance-usd
2022-10-26 21:00:00,1.001,1.001,0.999305,0.99993,47.37081419576171,binance-usd
2022-10-30 21:00:00,0.999829,1.0,0.999386,1.0,47.59365149344231,binance-usd
2022-11-02 21:00:00,1.0,1.001,1.0,1.001,50.79862965067867,binance-usd
2022-11-06 21:00:00,1.001,1.001,0.999251,0.999904,47.3786825305074,binance-usd
2022-11-10 21:00:00,1.001,1.003,0.9992,1.003,56.323821765436506,binance-usd
2022-11-14 21:00:00,1.009,1.009,1.001,1.002,53.17931961776812,binance-usd
2022-11-18 21:00:00,1.002,1.002,1.001,1.001,50.163323580455106,binance-usd
2022-11-22 21:00:00,1.001,1.002,1.0,1.0,47.27588759478938,binance-usd
2022-11-26 21:00:00,1.002,1.002,1.0,1.001,50.353402965591684,binance-usd
2022-11-29 21:00:00,1.001,1.001,0.999877,0.999877,47.03323364933507,binance-usd
2022-12-02 21:00:00,1.006,1.006,1.0,1.002,53.30203212609569,binance-usd
2022-12-06 21:00:00,1.002,1.002,0.999788,0.999788,47.053314726166995,binance-usd
2022-12-10 21:00:00,1.0,1.001,1.0,1.001,50.4789353960783,binance-usd
2022-12-14 21:00:00,1.0,1.001,0.999109,1.001,50.478935396078306,binance-usd
2022-12-18 21:00:00,0.998943,1.002,0.998943,0.999712,46.75095523066995,binance-usd
2022-12-22 21:00:00,0.999392,1.001,0.999392,1.0,47.6813794333562,binance-usd
2022-12-26 21:00:00,1.001,1.001,1.0,1.0,47.6813794333562,binance-usd
2022-12-30 21:00:00,1.0,1.001,1.0,1.001,51.120687996088,binance-usd
2023-01-02 21:00:00,1.001,1.001,0.999439,0.999439,46.03351422314781,binance-usd
2023-01-06 21:00:00,1.001,1.001,1.0,1.0,48.034924329704744,binance-usd
2023-01-10 21:00:00,1.001,1.001,1.0,1.0,48.034924329704744,binance-usd
2023-01-14 21:00:00,1.009,1.009,0.999159,0.999159,45.12531489049851,binance-usd
2023-01-18 21:00:00,0.999318,1.001,0.997193,1.001,51.98213710899201,binance-usd
2023-01-22 21:00:00,1.0,1.002,0.999215,1.002,55.252882987029686,binance-usd
2023-01-26 21:00:00,1.002,1.002,1.001,1.001,51.476810771228834,binance-usd
2023-01-30 21:00:00,1.001,1.002,1.0,1.002,54.803233193665235,binance-usd
2023-02-02 21:00:00,1.0,1.002,0.999813,1.002,54.803233193665235,binance-usd
2023-02-06 21:00:00,1.0,1.001,0.997988,1.001,50.766976934180306,binance-usd
2023-02-10 21:00:00,1.001,1.002,0.999887,1.002,54.38495046070683,binance-usd
2023-02-14 21:00:00,1.0,1.001,0.999774,1.001,50.39658732869013,binance-usd
2023-02-18 21:00:00,1.0,1.002,0.999088,1.0,46.70774935347992,binance-usd
2023-02-22 21:00:00,0.998162,1.0,0.998162,1.0,46.70774935347992,binance-usd
2023-02-26 21:00:00,1.002,1.002,0.999939,1.0,46.70774935347992,binance-usd
2023-02-27 21:00:00,0.999785,1.0,0.99965,1.0,46.70774935347992,binance-usd
2023-03-06 21:00:00,1.001,1.001,1.0,1.0,46.70774935347992,binance-usd
2023-03-10 21:00:00,1.002,1.002,0.997703,0.997703,37.56026777860603,binance-usd
2023-03-14 21:00:00,0.995417,1.006,0.995417,1.002,55.225880296118085,binance-usd
2023-03-18 21:00:00,1.001,1.005,1.001,1.005,63.07958886023663,binance-usd
2023-03-22 21:00:00,0.999166,1.007,0.999166,1.005,63.07958886023663,binance-usd
2023-03-26 21:00:00,1.004,1.007,0.999154,0.999154,45.172388200472774,binance-usd
2023-03-30 21:00:00,1.001,1.001,1.0,1.001,49.99933179021981,binance-usd
2023-04-02 21:00:00,0.999988,1.002,0.999988,1.002,52.44191966635875,binance-usd
2023-04-06 21:00:00,1.0,1.003,1.0,1.0,47.44939990955994,binance-usd
2023-04-10 21:00:00,1.0,1.001,1.0,1.0,47.44939990955994,binance-usd
2023-04-14 21:00:00,1.001,1.002,1.0,1.002,52.67462108172673,binance-usd
2023-04-18 21:00:00,1.001,1.001,1.001,1.001,49.99772255820592,binance-usd
2023-04-22 21:00:00,1.003,1.003,1.001,1.002,52.59228538295915,binance-usd
2023-04-26 21:00:00,1.001,1.001,0.999417,0.999417,45.958661192679514,binance-usd
2023-04-29 21:00:00,1.001,1.001,1.001,1.001,50.111724087848316,binance-usd
2023-05-02 21:00:00,1.001,1.001,1.0,1.0,47.621985907357235,binance-usd
2023-05-06 21:00:00,0.99992,1.001,0.99992,1.001,50.28216703905295,binance-usd
2023-05-10 21:00:00,0.995311,1.001,0.995311,1.001,50.28216703905296,binance-usd
2023-05-14 21:00:00,0.999861,1.001,0.999524,1.0,47.48518497498626,binance-usd
2023-05-18 21:00:00,0.998883,1.0,0.998883,1.0,47.48518497498626,binance-usd
2023-05-22 21:00:00,1.0,1.001,0.999595,0.999595,46.27609996883044,binance-usd
2023-05-26 21:00:00,0.999079,1.0,0.999079,1.0,47.70994586041462,binance-usd
2023-05-30 21:00:00,0.998716,1.0,0.998716,0.999567,46.287562027067366,binance-usd
2023-06-02 21:00:00,1.0,1.002,1.0,1.0,47.958433066112455,binance-usd
2023-06-06 21:00:00,0.999899,1.001,0.998844,1.0,47.95843306611246,binance-usd
2023-06-10 21:00:00,1.0,1.0,0.999209,0.999783,47.10672226045152,binance-usd
2023-06-14 21:00:00,1.0,1.0,0.99968,0.99968,46.68293538496111,binance-usd
2023-06-18 21:00:00,0.999427,1.0,0.999427,0.999534,46.050524248307646,binance-usd
2023-06-22 21:00:00,1.001,1.002,0.998635,0.998635,42.254685572222876,binance-usd
2023-06-26 21:00:00,1.001,1.001,0.998537,1.001,53.186666640402606,binance-usd
2023-06-29 21:00:00,0.999037,1.0,0.998411,1.0,48.96555946002851,binance-usd
2023-07-02 21:00:00,0.99974,1.0,0.99974,0.999764,47.997419420879304,binance-usd
2023-07-06 21:00:00,1.0,1.0,0.998423,0.999026,45.00102545954584,binance-usd
2023-07-10 21:00:00,0.999969,1.001,0.999969,1.001,53.38389124900044,binance-usd
2023-07-14 21:00:00,1.0,1.002,1.0,1.001,53.38389124900044,binance-usd
2023-07-18 21:00:00,1.0,1.001,0.999636,1.001,53.38389124900044,binance-usd
2023-07-22 21:00:00,1.001,1.001,0.99931,1.0,48.688505605431885,binance-usd
2023-07-26 21:00:00,0.999913,1.001,0.999805,1.001,53.12823996140208,binance-usd
2023-07-30 21:00:00,0.999398,1.0,0.999398,1.0,48.59967720542797,binance-usd
2023-08-02 21:00:00,0.999871,1.002,0.999871,1.0,48.59967720542797,binance-usd
2023-08-06 21:00:00,0.999279,1.001,0.999279,0.999311,45.50054469381951,binance-usd
2023-08-10 21:00:00,1.001,1.001,0.999862,0.999957,48.797377663525744,binance-usd
2023-08-14 21:00:00,0.999997,0.999997,0.999262,0.999895,48.494171391426825,binance-usd
2023-08-18 21:00:00,0.999627,1.001,0.997126,1.001,53.9822728717636,binance-usd
2023-08-22 21:00:00,0.99986,1.001,0.99927,1.001,53.98227287176359,binance-usd
2023-08-26 21:00:00,1.0,1.0,1.0,1.0,48.552468770007856,binance-usd
2022-08-26 21:00:00,2.19,2.19,1.95,1.95,,thorchain
2022-08-30 21:00:00,1.95,1.97,1.86,1.89,,thorchain
2022-09-02 21:00:00,1.91,1.94,1.91,1.91,,thorchain
2022-09-06 21:00:00,1.89,1.94,1.76,1.76,,thorchain
2022-09-10 21:00:00,1.84,2.04,1.84,2.04,,thorchain
2022-09-14 21:00:00,2.01,2.01,1.78,1.8,,thorchain
2022-09-18 21:00:00,1.71,1.81,1.65,1.65,,thorchain
2022-09-22 21:00:00,1.69,1.69,1.56,1.65,,thorchain
2022-09-26 21:00:00,1.65,1.65,1.59,1.6,,thorchain
2022-09-29 21:00:00,1.57,1.58,1.57,1.58,,thorchain
2022-10-02 21:00:00,1.57,1.57,1.5,1.5,,thorchain
2022-10-06 21:00:00,1.6,1.67,1.6,1.62,,thorchain
2022-10-10 21:00:00,1.58,1.61,1.52,1.52,,thorchain
2022-10-14 21:00:00,1.52,1.52,1.46,1.46,,thorchain
2022-10-18 21:00:00,1.44,1.55,1.44,1.51,34.05797101449275,thorchain
2022-10-22 21:00:00,1.44,1.44,1.44,1.44,32.293868921775896,thorchain
2022-10-26 21:00:00,1.49,1.54,1.44,1.54,37.291007681879805,thorchain
2022-10-30 21:00:00,1.51,1.57,1.51,1.56,38.27227728418436,thorchain
2022-11-02 21:00:00,1.58,1.58,1.48,1.48,35.855383472279414,thorchain
2022-11-06 21:00:00,1.49,1.66,1.49,1.61,42.23872505301178,thorchain
2022-11-10 21:00:00,1.63,1.63,1.017,1.23,32.163122918993565,thorchain
2022-11-14 21:00:00,1.16,1.19,1.11,1.19,31.31630165510542,thorchain
2022-11-18 21:00:00,1.23,1.23,1.2,1.2,31.799743506326536,thorchain
2022-11-22 21:00:00,1.23,1.23,1.11,1.12,29.981632014319786,thorchain
2022-11-26 21:00:00,1.18,1.19,1.18,1.19,33.561049808948795,thorchain
2022-11-29 21:00:00,1.19,1.23,1.16,1.23,35.58741525190946,thorchain
2022-12-02 21:00:00,1.29,1.37,1.29,1.37,42.228806650506506,thorchain
2022-12-06 21:00:00,1.33,1.39,1.33,1.39,43.13089972602917,thorchain
2022-12-10 21:00:00,1.38,1.43,1.38,1.42,44.530079430586476,thorchain
2022-12-14 21:00:00,1.38,1.47,1.38,1.47,46.87604157976125,thorchain
2022-12-18 21:00:00,1.45,1.45,1.31,1.32,41.24098336475504,thorchain
2022-12-22 21:00:00,1.3,1.39,1.3,1.39,44.588617054825825,thorchain
2022-12-26 21:00:00,1.4,1.4,1.38,1.39,44.58861705482583,thorchain
2022-12-30 21:00:00,1.38,1.38,1.28,1.28,40.3944202753386,thorchain
2023-01-02 21:00:00,1.28,1.32,1.28,1.32,42.5120668692537,thorchain
2023-01-06 21:00:00,1.33,1.38,1.33,1.38,45.632275723185266,thorchain
2023-01-10 21:00:00,1.38,1.47,1.38,1.47,50.014800150472475,thorchain
2023-01-14 21:00:00,1.47,1.76,1.47,1.76,60.940515269784534,thorchain
2023-01-18 21:00:00,1.75,1.77,1.6,1.6,53.93577507815491,thorchain
2023-01-22 21:00:00,1.65,1.79,1.65,1.76,59.00977956590222,thorchain
2023-01-26 21:00:00,1.74,1.77,1.68,1.77,59.311443963224626,thorchain
2023-01-30 21:00:00,1.89,1.92,1.76,1.76,58.845065446192955,thorchain
2023-02-02 21:00:00,1.77,1.86,1.77,1.86,62.058020896190634,thorchain
2023-02-06 21:00:00,1.9,1.9,1.77,1.77,57.692562904057446,thorchain
2023-02-10 21:00:00,1.95,1.95,1.66,1.67,53.2134169629832,thorchain
2023-02-14 21:00:00,1.72,1.72,1.65,1.7,54.358253736707816,thorchain
2023-02-18 21:00:00,1.81,1.81,1.68,1.77,57.00206994142064,thorchain
2023-02-22 21:00:00,1.74,1.82,1.71,1.71,54.10888948762813,thorchain
2023-02-26 21:00:00,1.72,1.72,1.61,1.65,51.304581381288926,thorchain
2023-02-27 21:00:00,1.61,1.68,1.57,1.64,50.831729171195015,thorchain
2023-03-06 21:00:00,1.51,1.51,1.47,1.5,44.630049096815036,thorchain
2023-03-10 21:00:00,1.47,1.47,1.23,1.23,35.607382053505816,thorchain
2023-03-14 21:00:00,1.21,1.46,1.21,1.46,45.681442453658036,thorchain
2023-03-18 21:00:00,1.35,1.47,1.35,1.43,44.699138873534665,thorchain
2023-03-22 21:00:00,1.46,1.46,1.37,1.37,42.72054185835373,thorchain
2023-03-26 21:00:00,1.45,1.45,1.39,1.4,44.054007600372316,thorchain
2023-03-30 21:00:00,1.34,1.42,1.34,1.4,44.054007600372316,thorchain
2023-04-02 21:00:00,1.43,1.47,1.43,1.44,45.99802742355163,thorchain
2023-04-06 21:00:00,1.48,1.61,1.48,1.57,51.8535303139184,thorchain
2023-04-10 21:00:00,1.56,1.64,1.56,1.64,54.70176164511402,thorchain
2023-04-14 21:00:00,1.63,1.68,1.6,1.68,56.29290527758621,thorchain
2023-04-18 21:00:00,1.67,1.7,1.65,1.7,57.10423461738374,thorchain
2023-04-22 21:00:00,1.53,1.53,1.37,1.4,43.931003566747734,thorchain
2023-04-26 21:00:00,1.38,1.38,1.35,1.35,42.184342222952644,thorchain
2023-04-29 21:00:00,1.39,1.39,1.36,1.37,43.15787937769545,thorchain
2023-05-02 21:00:00,1.35,1.35,1.31,1.31,40.931152403230804,thorchain
2023-05-06 21:00:00,1.33,1.35,1.3,1.3,40.55558235639656,thorchain
2023-05-10 21:00:00,1.3,1.3,1.2,1.22,37.58446365161726,thorchain
2023-05-14 21:00:00,1.18,1.19,1.18,1.19,36.50444546657228,thorchain
2023-05-18 21:00:00,1.18,1.19,1.16,1.18,36.131732139843926,thorchain
2023-05-22 21:00:00,1.17,1.17,1.12,1.12,33.89554705011484,thorchain
2023-05-26 21:00:00,1.14,1.14,1.1,1.14,35.33226023078018,thorchain
2023-05-30 21:00:00,1.14,1.17,1.14,1.16,36.81124546882716,thorchain
2023-06-02 21:00:00,1.13,1.18,1.13,1.18,38.33016111060686,thorchain
2023-06-06 21:00:00,1.17,1.18,1.082,1.12,35.5679395877399,thorchain
2023-06-10 21:00:00,1.077,1.077,0.948235,0.948235,29.102278219302463,thorchain
2023-06-14 21:00:00,0.916383,0.916383,0.796015,0.796015,24.799753797896344,thorchain
2023-06-18 21:00:00,0.82063,0.8386,0.82063,0.830042,27.38418053504769,thorchain
2023-06-22 21:00:00,0.843723,0.934519,0.843723,0.927497,34.34380522027725,thorchain
2023-06-26 21:00:00,0.973105,1.008,0.973105,0.987185,38.24750720391537,thorchain
2023-06-29 21:00:00,1.005,1.005,0.950485,0.977913,37.87082354924655,thorchain
2023-07-02 21:00:00,1.031,1.074,1.031,1.074,44.023387645128565,thorchain
2023-07-06 21:00:00,1.096,1.096,0.996412,0.996412,40.53292421008223,thorchain
2023-07-10 21:00:00,1.01,1.015,1.005,1.015,41.72500225481405,thorchain
2023-07-14 21:00:00,0.989101,1.065,0.982309,1.029,42.657366891123196,thorchain
2023-07-18 21:00:00,1.038,1.038,0.985247,0.985247,40.47772994795548,thorchain
2023-07-22 21:00:00,0.998386,0.998386,0.979155,0.979155,40.16995856132435,thorchain
2023-07-26 21:00:00,1.001,1.001,0.946645,0.946645,38.488133940254045,thorchain
2023-07-30 21:00:00,0.92822,0.944771,0.925345,0.925345,37.38377613006208,thorchain
2023-08-02 21:00:00,0.935376,0.950148,0.926671,0.926671,37.5039980863248,thorchain
2023-08-06 21:00:00,0.928067,0.93175,0.927739,0.93175,37.995067099877105,thorchain
2023-08-10 21:00:00,0.954311,1.05,0.954311,1.05,48.2003439753852,thorchain
2023-08-14 21:00:00,1.14,1.47,1.14,1.47,68.21232658595108,thorchain
2023-08-18 21:00:00,1.53,1.62,1.45,1.62,72.3246149839951,thorchain
2023-08-22 21:00:00,1.71,1.77,1.57,1.57,69.11494615404848,thorchain
2023-08-26 21:00:00,1.6,1.6,1.6,1.6,69.97590029978647,thorchain
